Index,Timestamp,X,Y
0,2025-06-05T14:15:11.630,0,0
1,2025-06-05T14:15:11.892,-7.52711,-3.73681
2,2025-06-05T14:15:12.154,-3.90256,1.33461
3,2025-06-05T14:15:12.416,-1.83703,6.7083
4,2025-06-05T14:15:12.679,-6.61951,6.42925
5,2025-06-05T14:15:12.941,-5.33518,-12.0567
6,2025-06-05T14:15:13.203,-4.03288,-1.69932
7,2025-06-05T14:15:13.465,3.50719,1.64833
8,2025-06-05T14:15:13.727,-4.03621,-16.2724
9,2025-06-05T14:15:13.990,-0.338689,-14.528
10,2025-06-05T14:15:14.252,-1.97453,-3.92819
11,2025-06-05T14:15:14.514,-0.538648,-2.39206
12,2025-06-05T14:15:14.776,-4.41846,-3.06211
13,2025-06-05T14:15:15.038,-8.03392,-3.41064
14,2025-06-05T14:15:15.300,1.62306,-22.1111
15,2025-06-05T14:15:15.563,-1.27196,-1.95699
16,2025-06-05T14:15:15.825,-4.79847,-25.8319
17,2025-06-05T14:15:16.087,-11.4429,-4.57036
18,2025-06-05T14:15:16.349,-9.05811,-12.1798
19,2025-06-05T14:15:16.611,-5.04959,4.96143
20,2025-06-05T14:15:16.873,-13.8469,-1.60264
21,2025-06-05T14:15:17.136,2.74326,-19.9953
22,2025-06-05T14:15:17.398,-15.4209,-26.1235
23,2025-06-05T14:15:17.660,-4.63134,-5.04887
24,2025-06-05T14:15:17.922,1.54402,-30.7672
25,2025-06-05T14:15:18.184,-0.982469,-7.11965
26,2025-06-05T14:15:18.447,-1.13756,-5.40985
27,2025-06-05T14:15:18.709,-5.02562,-12.7719
28,2025-06-05T14:15:18.971,-2.89276,-3.20576
29,2025-06-05T14:15:19.233,-6.91646,-18.2858
30,2025-06-05T14:15:19.495,-5.22734,-3.93544
31,2025-06-05T14:15:19.757,-9.78401,-3.9512
32,2025-06-05T14:15:20.020,4.02196,-14.6075
33,2025-06-05T14:15:20.282,1.19993,-16.0838
34,2025-06-05T14:15:20.544,-4.89527,6.79121
35,2025-06-05T14:15:20.806,-3.45745,-14.1357
36,2025-06-05T14:15:21.068,0.084505,-13.4907
37,2025-06-05T14:15:21.330,-1.59636,-11.3445
38,2025-06-05T14:15:21.593,-6.56684,10.3325
39,2025-06-05T14:15:21.855,0.588457,16.1381
40,2025-06-05T14:15:22.117,-1.16796,-2.01217
41,2025-06-05T14:15:22.379,4.08651,-0.122365
42,2025-06-05T14:15:22.641,-0.10158,8.15331
43,2025-06-05T14:15:22.903,-1.10688,-5.20442
44,2025-06-05T14:15:23.166,-1.58025,-3.72051
45,2025-06-05T14:15:23.428,-1.16709,-3.2861
46,2025-06-05T14:15:23.690,-0.88018,0.405759
47,2025-06-05T14:15:23.952,-1.11371,-1.19878
48,2025-06-05T14:15:24.214,-6.68595,19.7691
49,2025-06-05T14:15:24.476,-0.537977,-0.348685
50,2025-06-05T14:15:24.739,-6.22064,3.90225
51,2025-06-05T14:15:25.001,-7.43126,16.6688
52,2025-06-05T14:15:25.266,-8.70025,-0.293168
53,2025-06-05T14:15:25.525,-9.12727,0.107493
54,2025-06-05T14:15:25.787,-4.52441,2.40178
55,2025-06-05T14:15:26.062,0.199543,4.06801
56,2025-06-05T14:15:26.312,-7.58011,1.45199
57,2025-06-05T14:15:26.574,-0.0692518,4.88175
58,2025-06-05T14:15:26.836,-3.64453,5.53309
59,2025-06-05T14:15:27.098,-1.1399,6.91175
60,2025-06-05T14:15:27.360,-3.47327,8.43079
61,2025-06-05T14:15:27.623,-6.88766,6.49247
62,2025-06-05T14:15:27.885,-0.373705,8.3964
63,2025-06-05T14:15:28.147,-6.0034,5.56788
64,2025-06-05T14:15:28.409,-2.22722,10.3922
65,2025-06-05T14:15:28.671,-6.11176,10.6485
66,2025-06-05T14:15:28.933,-4.62476,30.4316
67,2025-06-05T14:15:29.196,-2.23941,29.2512
68,2025-06-05T14:15:29.458,-0.728146,15.2901
69,2025-06-05T14:15:29.720,-5.74417,15.0649
70,2025-06-05T14:15:29.982,-0.0177076,15.6409
71,2025-06-05T14:15:30.244,-6.32465,15.747
72,2025-06-05T14:15:30.507,-4.10702,17.6466
73,2025-06-05T14:15:30.769,-1.18895,20.2719
74,2025-06-05T14:15:31.031,-7.58283,21.3526
75,2025-06-05T14:15:31.293,-3.6658,18.2216
76,2025-06-05T14:15:31.555,-5.29282,19.3848
77,2025-06-05T14:15:31.817,-2.57139,20.8088
78,2025-06-05T14:15:32.080,-3.64131,22.2685
79,2025-06-05T14:15:32.342,-5.2914,22.3203
80,2025-06-05T14:15:32.604,-7.99538,20.1109
81,2025-06-05T14:15:32.866,-4.26316,36.4622
82,2025-06-05T14:15:33.128,-5.70764,21.3868
83,2025-06-05T14:15:33.390,-4.9749,39.7177
84,2025-06-05T14:15:33.653,-10.0923,23.7879
85,2025-06-05T14:15:33.915,3.64413,21.8724
86,2025-06-05T14:15:34.177,-11.9267,20.5179
87,2025-06-05T14:15:34.439,-5.86765,17.9826
88,2025-06-05T14:15:34.701,-6.28264,19.7782
89,2025-06-05T14:15:34.963,-1.04348,19.5405
90,2025-06-05T14:15:35.226,-7.9332,15.8224
91,2025-06-05T14:15:35.488,-3.52713,16.3433
92,2025-06-05T14:15:35.750,0.64985,15.0379
93,2025-06-05T14:15:36.012,-1.31099,14.58
94,2025-06-05T14:15:36.274,-2.42056,22.7477
95,2025-06-05T14:15:36.537,0.895262,6.93943
96,2025-06-05T14:15:36.799,-2.53447,11.7504
97,2025-06-05T14:15:37.061,-2.26147,14.5771
98,2025-06-05T14:15:37.323,-0.452305,15.5037
99,2025-06-05T14:15:37.585,-2.29343,17.6064
100,2025-06-05T14:15:37.847,-2.22372,17.0552
101,2025-06-05T14:15:38.110,-3.17618,19.1489
102,2025-06-05T14:15:38.372,-2.18898,20.1263
103,2025-06-05T14:15:38.634,-1.91279,19.4556
104,2025-06-05T14:15:38.896,-3.76016,19.6333
105,2025-06-05T14:15:39.158,-2.8193,20.7425
106,2025-06-05T14:15:39.421,-4.44766,19.8553
107,2025-06-05T14:15:39.683,-0.986181,22.3321
108,2025-06-05T14:15:39.945,-5.37416,44.5234
109,2025-06-05T14:15:40.207,-1.25469,21.5192
110,2025-06-05T14:15:40.469,-10.5304,16.459
111,2025-06-05T14:15:40.731,-0.816298,20.7406
112,2025-06-05T14:15:40.993,-1.45693,14.5207
113,2025-06-05T14:15:41.256,-1.90118,15.7721
114,2025-06-05T14:15:41.518,1.96228,11.0522
115,2025-06-05T14:15:41.780,-3.01388,13.1581
116,2025-06-05T14:15:42.042,-15.8724,10.2174
117,2025-06-05T14:15:42.304,-3.25535,16.6565
118,2025-06-05T14:15:42.567,-9.41151,19.8389
119,2025-06-05T14:15:42.829,-8.44477,36.5827
120,2025-06-05T14:15:43.091,-1.5999,19.1215
121,2025-06-05T14:15:43.354,-6.21096,20.4008
122,2025-06-05T14:15:43.615,-1.35746,17.7737
123,2025-06-05T14:15:43.877,-1.94279,20.4836
124,2025-06-05T14:15:44.140,-3.5706,22.5331
125,2025-06-05T14:15:44.402,-2.33407,18.9691
126,2025-06-05T14:15:44.664,-7.97007,16.7088
127,2025-06-05T14:15:44.926,-0.199553,16.8256
128,2025-06-05T14:15:45.188,-1.70748,19.2549
129,2025-06-05T14:15:45.450,-7.80805,18.2491
130,2025-06-05T14:15:45.713,-2.74867,15.8044
131,2025-06-05T14:15:45.975,-2.18901,17.7215
132,2025-06-05T14:15:46.237,3.84951,19.9246
133,2025-06-05T14:15:46.499,-5.91468,20.6363
134,2025-06-05T14:15:46.761,-1.07771,20.3842
135,2025-06-05T14:15:47.024,-11.9098,28.5937
136,2025-06-05T14:15:47.286,-3.37078,25.2915
137,2025-06-05T14:15:47.548,-6.0422,23.0549
138,2025-06-05T14:15:47.810,-4.05848,26.8654
139,2025-06-05T14:15:48.072,-1.98864,27.97
140,2025-06-05T14:15:48.334,-11.4382,23.924
141,2025-06-05T14:15:48.597,-4.48079,24.9041
142,2025-06-05T14:15:48.859,-4.80409,25.6989
143,2025-06-05T14:15:49.121,-1.48909,29.4164
144,2025-06-05T14:15:49.383,-5.57565,30.8039
145,2025-06-05T14:15:49.645,-8.15267,33.2402
146,2025-06-05T14:15:49.907,-9.93948,29.3081
147,2025-06-05T14:15:50.170,-19.6469,20.4453
148,2025-06-05T14:15:50.432,0.352359,21.0462
149,2025-06-05T14:15:50.694,-5.67538,19.6464
150,2025-06-05T14:15:50.956,-2.92735,23.4162
151,2025-06-05T14:15:51.218,-0.0935595,24.0926
152,2025-06-05T14:15:51.480,-3.5554,18.0284
153,2025-06-05T14:15:51.743,-6.93964,20.5821
154,2025-06-05T14:15:52.005,-9.81921,19.957
155,2025-06-05T14:15:52.267,-6.61247,21.4471
156,2025-06-05T14:15:52.529,2.0936,21.9732
157,2025-06-05T14:15:52.791,0.27742,18.4259
158,2025-06-05T14:15:53.054,-10.5529,18.5489
159,2025-06-05T14:15:53.316,-16.9985,18.1716
160,2025-06-05T14:15:53.578,-19.1384,18.6301
161,2025-06-05T14:15:53.840,-8.06208,13.6413
162,2025-06-05T14:15:54.102,-1.58522,13.7401
163,2025-06-05T14:15:54.364,-7.31231,13.3119
164,2025-06-05T14:15:54.627,-1.92019,17.6585
165,2025-06-05T14:15:54.889,-1.32123,6.28228
166,2025-06-05T14:15:55.151,-3.84324,17.579
167,2025-06-05T14:15:55.413,-0.937915,18.8014
168,2025-06-05T14:15:55.675,-3.45324,19.6879
169,2025-06-05T14:15:55.937,-9.03625,19.6013
170,2025-06-05T14:15:56.200,-8.62194,22.375
171,2025-06-05T14:15:56.462,-2.30024,20.7448
172,2025-06-05T14:15:56.724,-4.1027,22.0478
173,2025-06-05T14:15:56.986,-3.51962,17.6675
174,2025-06-05T14:15:57.248,-4.93885,19.3516
175,2025-06-05T14:15:57.510,-6.05196,18.3112
176,2025-06-05T14:15:57.773,-2.93572,19.7084
177,2025-06-05T14:15:58.035,-6.41992,17.7526
178,2025-06-05T14:15:58.297,-7.15737,24.3138
179,2025-06-05T14:15:58.559,-8.76907,7.65329
180,2025-06-05T14:15:58.821,-11.7931,22.7379
181,2025-06-05T14:15:59.084,-9.30457,19.5944
182,2025-06-05T14:15:59.346,1.4103,21.6508
183,2025-06-05T14:15:59.608,-4.48494,18.0031
184,2025-06-05T14:15:59.870,-7.74777,22.8629
185,2025-06-05T14:16:00.132,-5.19254,17.22
186,2025-06-05T14:16:00.394,-4.35895,20.8314
187,2025-06-05T14:16:00.657,-2.62979,23.0439
188,2025-06-05T14:16:00.919,-3.09557,26.0991
189,2025-06-05T14:16:01.181,-8.01155,16.5058
190,2025-06-05T14:16:01.443,-7.50705,21.9829
191,2025-06-05T14:16:01.705,-9.08698,21.9895
192,2025-06-05T14:16:01.967,-8.01554,14.528
193,2025-06-05T14:16:02.230,-1.58794,16.6737
194,2025-06-05T14:16:02.492,-15.2803,19.0565
195,2025-06-05T14:16:02.754,-4.87376,14.0639
196,2025-06-05T14:16:03.016,-7.1389,21.7473
197,2025-06-05T14:16:03.278,-15.1571,20.7058
198,2025-06-05T14:16:03.541,-8.09028,24.6676
199,2025-06-05T14:16:03.803,1.50761,21.635
200,2025-06-05T14:16:04.065,-2.43476,20.9058
201,2025-06-05T14:16:04.327,0.227422,19.9896
202,2025-06-05T14:16:04.591,-2.78568,16.5574
203,2025-06-05T14:16:04.851,-9.50503,11.4401
204,2025-06-05T14:16:05.113,-2.38813,18.1795
205,2025-06-05T14:16:05.376,-8.8985,12.4335
206,2025-06-05T14:16:05.638,-1.07523,5.89794
207,2025-06-05T14:16:05.900,-3.27588,4.49801
208,2025-06-05T14:16:06.162,-1.38732,10.9736
209,2025-06-05T14:16:06.424,-7.47795,6.97711
210,2025-06-05T14:16:06.687,-9.41735,9.25131
211,2025-06-05T14:16:06.949,-6.99074,2.26003
212,2025-06-05T14:16:07.211,-5.51535,3.25083
213,2025-06-05T14:16:07.473,-20.9003,0.929403
214,2025-06-05T14:16:07.735,-8.88789,-8.73133
215,2025-06-05T14:16:07.997,2.16572,-4.47988
216,2025-06-05T14:16:08.260,-3.42178,-6.7327
217,2025-06-05T14:16:08.522,-6.33131,3.48056
218,2025-06-05T14:16:08.784,-3.38097,-6.24635
219,2025-06-05T14:16:09.046,0.120481,-9.15231
220,2025-06-05T14:16:09.308,0.506863,-1.01047
221,2025-06-05T14:16:09.571,-7.50777,3.41147
222,2025-06-05T14:16:09.833,-7.69233,-7.11708
223,2025-06-05T14:16:10.095,-1.56757,-7.46763
224,2025-06-05T14:16:10.357,0.267964,-5.98271
225,2025-06-05T14:16:10.619,5.87534,-5.01939
226,2025-06-05T14:16:10.881,-4.35632,0.810219
227,2025-06-05T14:16:11.144,-3.09587,-4.0024
228,2025-06-05T14:16:11.406,-2.69584,0.960049
229,2025-06-05T14:16:11.668,-0.864338,-6.58496
230,2025-06-05T14:16:11.930,-1.4768,-3.66894
231,2025-06-05T14:16:12.192,-6.19054,-6.55643
232,2025-06-05T14:16:12.454,-18.2277,-1.96594
233,2025-06-05T14:16:12.717,-1.61393,-8.22978
234,2025-06-05T14:16:12.979,1.11219,-3.71491
235,2025-06-05T14:16:13.241,-0.116301,-7.71422
236,2025-06-05T14:16:13.503,-3.60625,-3.14993
237,2025-06-05T14:16:13.765,-8.56195,-4.89418
238,2025-06-05T14:16:14.027,-0.623495,-3.18362
239,2025-06-05T14:16:14.290,-2.70287,-7.68834
240,2025-06-05T14:16:14.552,-6.45575,-6.80075
241,2025-06-05T14:16:14.814,-2.5475,-5.64041
242,2025-06-05T14:16:15.076,-4.60539,2.38448
243,2025-06-05T14:16:15.338,-0.0193244,5.25305
244,2025-06-05T14:16:15.600,-3.16062,-0.988025
245,2025-06-05T14:16:15.863,-0.70521,-3.89318
246,2025-06-05T14:16:16.125,-6.0042,-1.08784
247,2025-06-05T14:16:16.387,0.111427,-4.3085
248,2025-06-05T14:16:16.649,-12.5863,-0.0258963
249,2025-06-05T14:16:16.912,-5.4179,-2.8055
250,2025-06-05T14:16:17.174,-2.71592,0.0315024
251,2025-06-05T14:16:17.436,-1.86039,4.23615
252,2025-06-05T14:16:17.698,-3.35556,4.52654
253,2025-06-05T14:16:17.960,-1.43035,6.84783
254,2025-06-05T14:16:18.222,-3.00616,8.34869
255,2025-06-05T14:16:18.485,-1.85487,9.81896
256,2025-06-05T14:16:18.747,-7.36321,11.5403
257,2025-06-05T14:16:19.009,-4.04266,11.3263
258,2025-06-05T14:16:19.271,-4.45785,8.84556
259,2025-06-05T14:16:19.533,-20.484,5.85044
260,2025-06-05T14:16:19.797,-8.08494,11.2003
261,2025-06-05T14:16:20.057,-4.63559,10.9714
262,2025-06-05T14:16:20.320,-2.00036,6.4784
263,2025-06-05T14:16:20.582,0.259676,8.53139
264,2025-06-05T14:16:20.844,-2.45164,6.46727
265,2025-06-05T14:16:21.106,-2.45609,8.35794
266,2025-06-05T14:16:21.368,-11.8446,4.85072
267,2025-06-05T14:16:21.630,-3.81892,8.2467
268,2025-06-05T14:16:21.893,-0.986301,11.8858
269,2025-06-05T14:16:22.155,-3.01833,13.675
270,2025-06-05T14:16:22.417,-5.1223,13.3127
271,2025-06-05T14:16:22.679,-4.81202,14.2512
272,2025-06-05T14:16:22.941,-5.07409,14.7336
273,2025-06-05T14:16:23.204,-4.13534,18.9217
274,2025-06-05T14:16:23.466,-3.08931,19.7825
275,2025-06-05T14:16:23.728,-3.82376,19.4078
276,2025-06-05T14:16:23.990,-4.10115,19.4258
277,2025-06-05T14:16:24.252,-6.25999,21.2063
278,2025-06-05T14:16:24.514,-3.15348,21.7167
279,2025-06-05T14:16:24.777,-5.10704,21.0238
280,2025-06-05T14:16:25.039,-1.69556,22.6277
281,2025-06-05T14:16:25.303,-7.61907,23.8186
282,2025-06-05T14:16:25.563,-4.18259,23.1963
283,2025-06-05T14:16:25.825,-6.55014,22.1319
284,2025-06-05T14:16:26.087,-7.70595,24.6351
285,2025-06-05T14:16:26.350,-8.91943,19.9088
286,2025-06-05T14:16:26.612,-7.90845,20.0624
287,2025-06-05T14:16:26.874,-1.64505,22.2184
288,2025-06-05T14:16:27.136,-2.64135,26.0515
289,2025-06-05T14:16:27.398,-4.29799,23.3694
290,2025-06-05T14:16:27.660,-5.78277,25.8896
291,2025-06-05T14:16:27.923,-7.59108,26.5891
292,2025-06-05T14:16:28.185,-2.29098,28.7342
293,2025-06-05T14:16:28.447,-4.12438,30.1908
294,2025-06-05T14:16:28.709,-4.99937,27.6499
295,2025-06-05T14:16:28.972,-5.37119,27.1928
296,2025-06-05T14:16:29.234,-9.02568,25.3104
297,2025-06-05T14:16:29.496,-4.71889,23.4457
298,2025-06-05T14:16:29.758,-8.22611,25.1951
299,2025-06-05T14:16:30.020,-7.58541,24.3453
300,2025-06-05T14:16:30.282,-9.40631,21.8201
301,2025-06-05T14:16:30.544,-12.7067,16.5704
302,2025-06-05T14:16:30.807,-5.93053,18.5385
303,2025-06-05T14:16:31.069,-9.34168,18.6
304,2025-06-05T14:16:31.331,-4.97837,21.7264
305,2025-06-05T14:16:31.593,-1.98301,21.0374
306,2025-06-05T14:16:31.855,-1.27568,22.3648
307,2025-06-05T14:16:32.117,-2.4143,24.9631
308,2025-06-05T14:16:32.380,-7.4805,24.053
309,2025-06-05T14:16:32.642,0.442218,20.7679
310,2025-06-05T14:16:32.904,-0.703357,18.9708
311,2025-06-05T14:16:33.166,-4.44449,18.6723
312,2025-06-05T14:16:33.428,2.08862,20.2588
313,2025-06-05T14:16:33.691,-1.1775,17.9013
314,2025-06-05T14:16:33.953,-1.54105,15.7063
315,2025-06-05T14:16:34.215,1.17056,23.8294
316,2025-06-05T14:16:34.477,-0.146485,18.1109
317,2025-06-05T14:16:34.739,2.8468,14.925
318,2025-06-05T14:16:35.001,1.75596,17.7263
319,2025-06-05T14:16:35.264,2.48098,17.6532
320,2025-06-05T14:16:35.526,1.26137,19.2873
321,2025-06-05T14:16:35.788,0.371292,18.9378
322,2025-06-05T14:16:36.050,1.57355,19.2379
323,2025-06-05T14:16:36.312,0.644033,18.0317
324,2025-06-05T14:16:36.574,2.60604,19.8479
325,2025-06-05T14:16:36.837,3.31251,17.619
326,2025-06-05T14:16:37.100,3.69176,16.6282
327,2025-06-05T14:16:37.361,4.21556,15.7693
328,2025-06-05T14:16:37.623,4.13859,15.1352
329,2025-06-05T14:16:37.885,4.64568,15.3262
330,2025-06-05T14:16:38.147,4.87569,14.5746
331,2025-06-05T14:16:38.410,4.16567,13.5222
332,2025-06-05T14:16:38.672,5.33242,12.6918
333,2025-06-05T14:16:38.934,2.94977,12.8092
334,2025-06-05T14:16:39.196,1.63485,12.4028
335,2025-06-05T14:16:39.458,2.33797,7.51203
336,2025-06-05T14:16:39.720,4.11528,10.8612
337,2025-06-05T14:16:39.983,2.38512,10.6552
338,2025-06-05T14:16:40.245,2.29237,8.56848
339,2025-06-05T14:16:40.507,3.72553,10.9315
340,2025-06-05T14:16:40.769,4.99653,11.7413
341,2025-06-05T14:16:41.031,7.69089,11.3771
342,2025-06-05T14:16:41.294,6.64415,9.42925
343,2025-06-05T14:16:41.556,6.927,11.5314
344,2025-06-05T14:16:41.818,3.87896,8.32617
345,2025-06-05T14:16:42.080,4.43104,11.2288
346,2025-06-05T14:16:42.342,6.39076,12.2066
347,2025-06-05T14:16:42.604,4.98768,11.2881
348,2025-06-05T14:16:42.867,-5.74035,9.32846
349,2025-06-05T14:16:43.129,-4.1045,8.57695
350,2025-06-05T14:16:43.391,4.11558,13.2404
351,2025-06-05T14:16:43.653,3.33152,11.1232
352,2025-06-05T14:16:43.915,3.59845,13.9932
353,2025-06-05T14:16:44.178,4.2389,16.1383
354,2025-06-05T14:16:44.440,3.80954,16.8398
355,2025-06-05T14:16:44.702,5.01838,17.1913
356,2025-06-05T14:16:44.964,-0.924126,15.5048
357,2025-06-05T14:16:45.226,2.72834,19.4106
358,2025-06-05T14:16:45.488,3.70363,11.8591
359,2025-06-05T14:16:45.751,1.79314,11.3437
360,2025-06-05T14:16:46.013,5.53631,20.4677
361,2025-06-05T14:16:46.275,7.6506,19.4034
362,2025-06-05T14:16:46.537,3.8424,21.1165
363,2025-06-05T14:16:46.799,0.514456,16.7045
364,2025-06-05T14:16:47.061,1.37567,17.2636
365,2025-06-05T14:16:47.324,3.98154,17.5205
366,2025-06-05T14:16:47.586,3.34211,19.6863
367,2025-06-05T14:16:47.848,5.02694,22.1622
368,2025-06-05T14:16:48.110,-2.13265,16.1819
369,2025-06-05T14:16:48.373,3.41178,20.4094
370,2025-06-05T14:16:48.634,3.70951,23.3218
371,2025-06-05T14:16:48.897,1.81244,21.3273
372,2025-06-05T14:16:49.159,0.581939,25.2312
373,2025-06-05T14:16:49.421,1.44615,24.9094
374,2025-06-05T14:16:49.683,4.60698,24.6059
375,2025-06-05T14:16:49.945,5.23423,23.5221
376,2025-06-05T14:16:50.208,8.12899,23.7123
377,2025-06-05T14:16:50.470,4.51775,23.7359
378,2025-06-05T14:16:50.732,5.81299,23.5062
379,2025-06-05T14:16:50.994,2.31511,21.8241
380,2025-06-05T14:16:51.256,5.00259,24.1378
381,2025-06-05T14:16:51.518,5.14372,20.0218
382,2025-06-05T14:16:51.781,3.8279,17.9771
383,2025-06-05T14:16:52.043,4.99065,21.6216
384,2025-06-05T14:16:52.305,6.71918,20.7763
385,2025-06-05T14:16:52.567,6.00174,18.4196
386,2025-06-05T14:16:52.829,7.18983,18.4047
387,2025-06-05T14:16:53.092,7.02311,17.3007
388,2025-06-05T14:16:53.354,6.52371,17.4215
389,2025-06-05T14:16:53.616,5.23733,16.8419
390,2025-06-05T14:16:53.878,6.98697,18.8538
391,2025-06-05T14:16:54.140,-1.43155,22.8454
392,2025-06-05T14:16:54.402,5.41148,20.4098
393,2025-06-05T14:16:54.664,8.52508,15.2172
394,2025-06-05T14:16:54.927,8.14164,12.0495
395,2025-06-05T14:16:55.189,11.5497,20.8916
396,2025-06-05T14:16:55.451,5.96141,12.1837
397,2025-06-05T14:16:55.713,9.58607,14.8752
398,2025-06-05T14:16:55.975,2.29716,9.2944
399,2025-06-05T14:16:56.237,2.68379,16.302
400,2025-06-05T14:16:56.500,-0.738644,12.2501
401,2025-06-05T14:16:56.762,5.2929,12.77
402,2025-06-05T14:16:57.024,3.35192,11.8555
403,2025-06-05T14:16:57.286,5.38694,14.8496
404,2025-06-05T14:16:57.548,4.42064,14.5135
405,2025-06-05T14:16:57.811,2.08644,14.4053
406,2025-06-05T14:16:58.073,-0.273662,16.4358
407,2025-06-05T14:16:58.335,-0.295834,15.9061
408,2025-06-05T14:16:58.597,0.655653,18.6414
409,2025-06-05T14:16:58.859,-7.83706,22.9072
410,2025-06-05T14:16:59.122,-0.674284,15.5349
411,2025-06-05T14:16:59.384,3.77195,16.0789
412,2025-06-05T14:16:59.646,2.32775,13.48
413,2025-06-05T14:16:59.908,-1.09581,12.8978
414,2025-06-05T14:17:00.170,2.78766,14.1311
415,2025-06-05T14:17:00.433,6.44028,14.1593
416,2025-06-05T14:17:00.694,0.159994,14.6871
417,2025-06-05T14:17:00.957,5.85754,17.8247
418,2025-06-05T14:17:01.219,-1.67389,16.227
419,2025-06-05T14:17:01.481,3.62792,18.9984
420,2025-06-05T14:17:01.743,3.98685,15.4882
421,2025-06-05T14:17:02.005,0.746636,17.058
422,2025-06-05T14:17:02.268,0.666406,17.2988
423,2025-06-05T14:17:02.530,-0.397619,20.4285
424,2025-06-05T14:17:02.792,-1.69252,23.3969
425,2025-06-05T14:17:03.054,-3.56004,19.5534
426,2025-06-05T14:17:03.316,0.582656,21.2114
427,2025-06-05T14:17:03.579,-0.787017,20.0568
428,2025-06-05T14:17:03.841,1.8156,23.4757
429,2025-06-05T14:17:04.103,-0.96196,27.34
430,2025-06-05T14:17:04.365,-0.0546396,27.2608
431,2025-06-05T14:17:04.627,1.80618,27.7937
432,2025-06-05T14:17:04.889,-0.290898,27.827
433,2025-06-05T14:17:05.151,-5.05241,27.7538
434,2025-06-05T14:17:05.414,-1.70154,27.8718
435,2025-06-05T14:17:05.676,-6.77496,27.4604
436,2025-06-05T14:17:05.938,-2.71005,29.5108
437,2025-06-05T14:17:06.200,-4.55439,29.575
438,2025-06-05T14:17:06.462,-3.97017,32.7227
439,2025-06-05T14:17:06.724,-2.96684,33.7184
440,2025-06-05T14:17:06.987,-1.78046,33.3153
441,2025-06-05T14:17:07.249,1.08668,35.8274
442,2025-06-05T14:17:07.511,-1.1188,35.9879
443,2025-06-05T14:17:07.773,-0.936175,36.9096
444,2025-06-05T14:17:08.035,-0.19954,37.9677
445,2025-06-05T14:17:08.297,-0.392622,39.5556
446,2025-06-05T14:17:08.560,-0.412897,38.4122
447,2025-06-05T14:17:08.822,-1.546,41.418
448,2025-06-05T14:17:09.084,-0.823086,39.6394
449,2025-06-05T14:17:09.346,-1.03538,41.4672
450,2025-06-05T14:17:09.608,-5.40378,39.5856
451,2025-06-05T14:17:09.871,-2.62737,42.5369
452,2025-06-05T14:17:10.133,1.37575,44.5832
453,2025-06-05T14:17:10.395,-4.47052,43.0052
454,2025-06-05T14:17:10.657,-1.88408,44.1586
455,2025-06-05T14:17:10.919,-0.187954,44.7904
456,2025-06-05T14:17:11.181,-1.83781,44.0004
457,2025-06-05T14:17:11.444,-0.914899,42.4585
458,2025-06-05T14:17:11.706,1.07327,47.0563
459,2025-06-05T14:17:11.968,-0.594288,47.2982
460,2025-06-05T14:17:12.230,0.325534,45.8947
461,2025-06-05T14:17:12.492,5.68485,43.0971
462,2025-06-05T14:17:12.755,0.210023,44.5936
463,2025-06-05T14:17:13.017,2.70867,40.7163
464,2025-06-05T14:17:13.279,-6.26695,39.2887
465,2025-06-05T14:17:13.541,-4.87589,36.155
466,2025-06-05T14:17:13.803,-6.14059,30.9313
467,2025-06-05T14:17:14.065,2.21165,36.0013
468,2025-06-05T14:17:14.328,1.63735,32.9017
469,2025-06-05T14:17:14.590,-6.08752,33.0141
470,2025-06-05T14:17:14.852,0.681502,34.2789
471,2025-06-05T14:17:15.115,-4.26248,33.5272
472,2025-06-05T14:17:15.376,2.55166,30.13
473,2025-06-05T14:17:15.639,1.40026,30.2027
474,2025-06-05T14:17:15.901,2.01797,31.3163
475,2025-06-05T14:17:16.163,-6.43566,28.6937
476,2025-06-05T14:17:16.425,-6.09481,28.8066
477,2025-06-05T14:17:16.687,-2.06742,27.6861
478,2025-06-05T14:17:16.949,3.01593,32.9444
479,2025-06-05T14:17:17.212,0.288869,31.5504
480,2025-06-05T14:17:17.474,-4.08935,29.1231
481,2025-06-05T14:17:17.736,1.2325,35.3601
482,2025-06-05T14:17:17.998,0.61669,34.9399
483,2025-06-05T14:17:18.260,0.80512,36.4292
484,2025-06-05T14:17:18.522,4.63823,36.211
485,2025-06-05T14:17:18.785,2.79295,38.8808
486,2025-06-05T14:17:19.047,0.724962,39.9563
487,2025-06-05T14:17:19.309,0.00507405,40.1279
488,2025-06-05T14:17:19.571,1.36291,40.5242
489,2025-06-05T14:17:19.833,0.568577,39.9706
490,2025-06-05T14:17:20.095,0.0968812,39.2248
491,2025-06-05T14:17:20.358,0.0805127,40.0066
492,2025-06-05T14:17:20.620,0.134891,39.6468
493,2025-06-05T14:17:20.882,0.704931,42.3032
494,2025-06-05T14:17:21.144,0.357982,41.7461
495,2025-06-05T14:17:21.406,0.539574,41.7632
496,2025-06-05T14:17:21.668,0.00246766,43.804
497,2025-06-05T14:17:21.931,0.214142,42.961
498,2025-06-05T14:17:22.193,-1.97973,43.5032
499,2025-06-05T14:17:22.455,-1.24767,44.8519
500,2025-06-05T14:17:22.717,0.939727,46.4749
501,2025-06-05T14:17:22.979,-1.65417,44.2957
502,2025-06-05T14:17:23.241,-0.600321,44.8434
503,2025-06-05T14:17:23.504,0.913325,46.3682
504,2025-06-05T14:17:23.766,-0.351519,44.712
505,2025-06-05T14:17:24.028,-0.861761,48.326
506,2025-06-05T14:17:24.290,-1.12381,49.2282
507,2025-06-05T14:17:24.552,0.243154,50.4557
508,2025-06-05T14:17:24.814,-1.73183,49.4594
509,2025-06-05T14:17:25.077,-0.0138087,49.9655
510,2025-06-05T14:17:25.339,1.14767,51.3739
511,2025-06-05T14:17:25.601,-2.56545,50.8611
512,2025-06-05T14:17:25.863,-2.46395,48.1655
513,2025-06-05T14:17:26.125,-3.76528,48.435
514,2025-06-05T14:17:26.387,0.928639,51.3579
515,2025-06-05T14:17:26.650,-3.68619,52.2256
516,2025-06-05T14:17:26.912,0.193234,53.0229
517,2025-06-05T14:17:27.174,-1.04433,51.7702
518,2025-06-05T14:17:27.436,0.849222,53.3069
519,2025-06-05T14:17:27.698,2.1216,52.556
520,2025-06-05T14:17:27.961,-0.886201,54.0143
521,2025-06-05T14:17:28.223,0.389091,53.5444
522,2025-06-05T14:17:28.485,1.02938,53.419
523,2025-06-05T14:17:28.747,0.925598,54.6375
524,2025-06-05T14:17:29.009,-0.459255,55.4305
525,2025-06-05T14:17:29.271,0.32021,54.825
526,2025-06-05T14:17:29.534,-0.408833,52.9315
527,2025-06-05T14:17:29.797,-1.10809,56.3273
528,2025-06-05T14:17:30.059,-3.26505,52.802
529,2025-06-05T14:17:30.320,-1.88756,51.6992
530,2025-06-05T14:17:30.582,-2.93786,53.5775
531,2025-06-05T14:17:30.845,-1.76763,54.4814
532,2025-06-05T14:17:31.107,0.813414,56.5471
533,2025-06-05T14:17:31.369,0.805327,56.5062
534,2025-06-05T14:17:31.631,-0.361997,57.7735
535,2025-06-05T14:17:31.893,-0.885996,58.1447
536,2025-06-05T14:17:32.155,-5.18187,55.4369
537,2025-06-05T14:17:32.418,-1.06826,54.9866
538,2025-06-05T14:17:32.680,1.04767,52.9252
539,2025-06-05T14:17:32.943,-2.4487,54.2457
540,2025-06-05T14:17:33.204,-2.29563,52.275
541,2025-06-05T14:17:33.466,-3.51989,50.9081
542,2025-06-05T14:17:33.728,-5.03446,54.576
543,2025-06-05T14:17:33.991,0.0747937,55.4512
544,2025-06-05T14:17:34.253,0.45554,53.2826
545,2025-06-05T14:17:34.515,-6.24095,54.2266
546,2025-06-05T14:17:34.777,-6.30192,53.0457
547,2025-06-05T14:17:35.039,-2.64818,54.5477
548,2025-06-05T14:17:35.301,-5.90725,51.4673
549,2025-06-05T14:17:35.564,5.06341,54.7922
550,2025-06-05T14:17:35.826,0.152915,55.7269
551,2025-06-05T14:17:36.088,-2.39753,53.7317
552,2025-06-05T14:17:36.350,1.30741,56.4704
553,2025-06-05T14:17:36.612,0.688237,55.7978
554,2025-06-05T14:17:36.875,-0.252737,57.1848
555,2025-06-05T14:17:37.137,1.13564,56.7213
556,2025-06-05T14:17:37.399,1.28785,56.1352
557,2025-06-05T14:17:37.661,-0.610508,55.4244
558,2025-06-05T14:17:37.923,1.82962,57.9728
559,2025-06-05T14:17:38.185,-0.182601,57.0168
560,2025-06-05T14:17:38.448,0.290472,55.96
561,2025-06-05T14:17:38.710,-1.06768,56.4923
562,2025-06-05T14:17:38.972,-0.560962,56.4778
563,2025-06-05T14:17:39.234,1.23713,56.6213
564,2025-06-05T14:17:39.496,0.348686,57.1422
565,2025-06-05T14:17:39.759,1.31047,59.2984
566,2025-06-05T14:17:40.021,1.2275,57.778
567,2025-06-05T14:17:40.283,0.326277,59.244
568,2025-06-05T14:17:40.545,-0.819956,59.7322
569,2025-06-05T14:17:40.807,-0.765478,59.2333
570,2025-06-05T14:17:41.069,1.34367,62.8574
571,2025-06-05T14:17:41.331,0.333476,56.9195
572,2025-06-05T14:17:41.594,-4.49278,58.2147
573,2025-06-05T14:17:41.856,-2.16989,59.5636
574,2025-06-05T14:17:42.118,-1.24027,59.6199
575,2025-06-05T14:17:42.380,-3.01804,63.1222
576,2025-06-05T14:17:42.642,1.70728,61.0046
577,2025-06-05T14:17:42.904,-0.157801,61.5734
578,2025-06-05T14:17:43.167,-2.49263,57.6972
579,2025-06-05T14:17:43.429,-1.58991,60.9774
580,2025-06-05T14:17:43.691,0.0393217,60.3834
581,2025-06-05T14:17:43.955,-0.745536,62.6653
582,2025-06-05T14:17:44.215,2.49604,60.2293
583,2025-06-05T14:17:44.478,-2.01329,58.6114
584,2025-06-05T14:17:44.740,0.0758793,62.1548
585,2025-06-05T14:17:45.002,-5.59669,60.1421
586,2025-06-05T14:17:45.264,-1.11343,62.3869
587,2025-06-05T14:17:45.526,-0.105626,57.8941
588,2025-06-05T14:17:45.788,0.297828,62.0015
589,2025-06-05T14:17:46.051,0.541018,62.114
590,2025-06-05T14:17:46.313,-1.90766,62.2827
591,2025-06-05T14:17:46.575,-1.38663,61.0475
592,2025-06-05T14:17:46.837,-1.97365,61.1041
593,2025-06-05T14:17:47.099,-1.5602,59.9635
594,2025-06-05T14:17:47.361,1.35684,63.8881
595,2025-06-05T14:17:47.624,2.6387,63.5794
596,2025-06-05T14:17:47.886,-2.99061,61.89
597,2025-06-05T14:17:48.148,-2.34192,63.7175
598,2025-06-05T14:17:48.410,-2.3825,63.7798
599,2025-06-05T14:17:48.672,0.267275,62.645
600,2025-06-05T14:17:48.935,-1.45485,61.2007
601,2025-06-05T14:17:49.197,0.829466,64.2463
602,2025-06-05T14:17:49.459,-1.88726,59.2206
603,2025-06-05T14:17:49.721,0.454285,61.4688
604,2025-06-05T14:17:49.983,2.53791,62.5579
605,2025-06-05T14:17:50.245,-2.69136,62.8243
606,2025-06-05T14:17:50.508,-1.59863,63.876
607,2025-06-05T14:17:50.770,-2.04034,65.9001
608,2025-06-05T14:17:51.032,-0.828473,60.6501
609,2025-06-05T14:17:51.294,-2.49775,61.5347
610,2025-06-05T14:17:51.556,-6.73109,59.5949
611,2025-06-05T14:17:51.818,0.287839,59.7196
612,2025-06-05T14:17:52.081,-1.40132,60.6565
613,2025-06-05T14:17:52.343,1.15898,56.8094
614,2025-06-05T14:17:52.605,3.26615,58.7179
615,2025-06-05T14:17:52.867,-3.35464,57.4374
616,2025-06-05T14:17:53.129,4.95871,56.6277
617,2025-06-05T14:17:53.391,-1.21703,59.2966
618,2025-06-05T14:17:53.654,2.47148,58.8893
619,2025-06-05T14:17:53.916,-2.37143,57.5333
620,2025-06-05T14:17:54.178,-2.38645,60.2613
621,2025-06-05T14:17:54.440,2.59754,57.9652
622,2025-06-05T14:17:54.702,-0.688788,57.0384
623,2025-06-05T14:17:54.965,1.65449,55.0255
624,2025-06-05T14:17:55.227,6.43999,58.1216
625,2025-06-05T14:17:55.489,-0.0941153,51.5822
626,2025-06-05T14:17:55.751,2.7384,51.4908
627,2025-06-05T14:17:56.013,6.31738,49.9018
628,2025-06-05T14:17:56.275,-0.568475,53.828
629,2025-06-05T14:17:56.538,-1.89894,48.9415
630,2025-06-05T14:17:56.800,-5.9929,43.0296
631,2025-06-05T14:17:57.062,0.71711,42.4422
632,2025-06-05T14:17:57.324,-1.29647,41.9136
633,2025-06-05T14:17:57.586,6.59722,43.4568
634,2025-06-05T14:17:57.848,0.194967,45.6974
635,2025-06-05T14:17:58.111,-0.725928,46.7547
636,2025-06-05T14:17:58.373,-3.42139,45.4172
637,2025-06-05T14:17:58.635,0.777223,45.569
638,2025-06-05T14:17:58.897,-1.16409,47.9843
639,2025-06-05T14:17:59.159,2.53491,46.6162
640,2025-06-05T14:17:59.421,0.48164,47.1947
641,2025-06-05T14:17:59.684,2.04869,48.6042
642,2025-06-05T14:17:59.946,1.14949,45.493
643,2025-06-05T14:18:00.208,2.17684,48.173
644,2025-06-05T14:18:00.470,0.00920314,50.064
645,2025-06-05T14:18:00.732,-0.684536,47.5374
646,2025-06-05T14:18:00.994,0.177627,51.6325
647,2025-06-05T14:18:01.257,1.44495,51.2554
648,2025-06-05T14:18:01.519,-3.52461,54.141
649,2025-06-05T14:18:01.781,-0.361983,54.3735
650,2025-06-05T14:18:02.043,-2.03754,49.0261
651,2025-06-05T14:18:02.305,-1.63146,50.9097
652,2025-06-05T14:18:02.568,-2.78026,53.544
653,2025-06-05T14:18:02.830,3.46033,48.7152
654,2025-06-05T14:18:03.092,-1.55021,52.7361
655,2025-06-05T14:18:03.354,0.831004,50.2277
656,2025-06-05T14:18:03.616,0.907648,48.1012
657,2025-06-05T14:18:03.879,3.23935,52.1996
658,2025-06-05T14:18:04.141,2.29005,52.5376
659,2025-06-05T14:18:04.403,2.53451,51.3438
660,2025-06-05T14:18:04.665,1.2872,52.6502
661,2025-06-05T14:18:04.927,2.50902,53.8069
662,2025-06-05T14:18:05.189,3.46155,56.0278
663,2025-06-05T14:18:05.451,-5.97387,51.1424
664,2025-06-05T14:18:05.714,0.436328,51.4726
665,2025-06-05T14:18:05.976,1.26154,53.5413
666,2025-06-05T14:18:06.238,1.98025,50.6938
667,2025-06-05T14:18:06.500,0.390642,48.6943
668,2025-06-05T14:18:06.762,2.39115,52.8291
669,2025-06-05T14:18:07.025,2.01422,51.6241
670,2025-06-05T14:18:07.287,1.09548,52.3923
671,2025-06-05T14:18:07.549,-2.42485,52.1351
672,2025-06-05T14:18:07.811,2.8414,50.8501
673,2025-06-05T14:18:08.073,1.63232,54.7359
674,2025-06-05T14:18:08.335,-3.71438,53.5817
675,2025-06-05T14:18:08.598,4.71276,54.8957
676,2025-06-05T14:18:08.860,-1.97468,49.6767
677,2025-06-05T14:18:09.122,-1.53415,53.059
678,2025-06-05T14:18:09.384,0.878222,49.2766
679,2025-06-05T14:18:09.646,1.80248,47.5121
680,2025-06-05T14:18:09.908,2.86694,46.2973
681,2025-06-05T14:18:10.171,1.53498,45.4408
682,2025-06-05T14:18:10.433,-3.71795,47.5877
683,2025-06-05T14:18:10.695,2.26869,49.2804
684,2025-06-05T14:18:10.957,4.04515,49.3279
685,2025-06-05T14:18:11.219,-8.53497,45.7526
686,2025-06-05T14:18:11.485,-1.16619,48.803
687,2025-06-05T14:18:11.744,1.79912,44.9272
688,2025-06-05T14:18:12.010,5.27411,46.7404
689,2025-06-05T14:18:12.268,6.45924,51.9638
690,2025-06-05T14:18:12.530,0.135106,44.8829
691,2025-06-05T14:18:12.792,-3.10895,43.9296
692,2025-06-05T14:18:13.054,-7.71516,40.5513
693,2025-06-05T14:18:13.317,-0.109542,47.9008
694,2025-06-05T14:18:13.579,3.70451,49.3314
695,2025-06-05T14:18:13.841,1.44967,45.0701
696,2025-06-05T14:18:14.103,1.74137,43.161
697,2025-06-05T14:18:14.365,0.725701,45.5649
698,2025-06-05T14:18:14.628,4.54186,45.3451
699,2025-06-05T14:18:14.890,5.81018,49.0399
700,2025-06-05T14:18:15.152,2.5821,48.0736
701,2025-06-05T14:18:15.414,1.91034,45.0892
702,2025-06-05T14:18:15.676,3.68579,46.8947
703,2025-06-05T14:18:15.939,3.97982,45.3303
704,2025-06-05T14:18:16.201,-2.83869,47.886
705,2025-06-05T14:18:16.463,-0.160902,51.3517
706,2025-06-05T14:18:16.725,2.29993,50.3178
707,2025-06-05T14:18:16.987,3.54912,49.8644
708,2025-06-05T14:18:17.249,0.53696,50.1527
709,2025-06-05T14:18:17.512,3.74696,51.1987
710,2025-06-05T14:18:17.774,2.82063,50.6448
711,2025-06-05T14:18:18.036,2.50592,51.3385
712,2025-06-05T14:18:18.298,4.29571,50.1481
713,2025-06-05T14:18:18.560,2.02317,51.0123
714,2025-06-05T14:18:18.823,3.19199,50.7295
715,2025-06-05T14:18:19.085,1.82584,52.3154
716,2025-06-05T14:18:19.347,2.8546,50.821
717,2025-06-05T14:18:19.609,2.90892,49.1566
718,2025-06-05T14:18:19.871,1.79535,50.4796
719,2025-06-05T14:18:20.133,5.13285,51.6602
720,2025-06-05T14:18:20.395,3.84225,48.9021
721,2025-06-05T14:18:20.658,1.9352,52.9433
722,2025-06-05T14:18:20.920,2.6524,53.9571
723,2025-06-05T14:18:21.182,3.22711,54.6615
724,2025-06-05T14:18:21.444,5.03647,53.9183
725,2025-06-05T14:18:21.706,3.96012,52.748
726,2025-06-05T14:18:21.969,3.60511,54.0162
727,2025-06-05T14:18:22.231,1.87954,54.3303
728,2025-06-05T14:18:22.493,2.15233,52.0848
729,2025-06-05T14:18:22.755,2.12179,52.6825
730,2025-06-05T14:18:23.017,3.44839,52.597
731,2025-06-05T14:18:23.279,3.05666,53.3693
732,2025-06-05T14:18:23.542,2.8464,52.1696
733,2025-06-05T14:18:23.804,1.87394,53.5098
734,2025-06-05T14:18:24.067,-2.2175,51.9021
735,2025-06-05T14:18:24.328,2.55906,50.3545
736,2025-06-05T14:18:24.590,3.24836,51.6296
737,2025-06-05T14:18:24.853,2.70359,51.7594
738,2025-06-05T14:18:25.115,-3.0036,48.9855
739,2025-06-05T14:18:25.377,1.07721,51.1342
740,2025-06-05T14:18:25.639,4.22059,54.3145
741,2025-06-05T14:18:25.901,2.2429,52.3043
742,2025-06-05T14:18:26.163,1.68626,51.7023
743,2025-06-05T14:18:26.425,0.286332,51.2199
744,2025-06-05T14:18:26.688,3.5009,53.4772
745,2025-06-05T14:18:26.950,-0.359092,52.9476
746,2025-06-05T14:18:27.212,3.50436,48.3696
747,2025-06-05T14:18:27.474,2.46053,47.8655
748,2025-06-05T14:18:27.736,3.36048,53.8278
749,2025-06-05T14:18:27.999,3.32344,48.8429
750,2025-06-05T14:18:28.261,2.71319,50.1476
751,2025-06-05T14:18:28.523,1.93227,51.8298
752,2025-06-05T14:18:28.785,3.08419,52.335
753,2025-06-05T14:18:29.047,5.96421,53.55
754,2025-06-05T14:18:29.309,4.01347,51.8215
755,2025-06-05T14:18:29.572,1.37152,52.0315
756,2025-06-05T14:18:29.834,5.50605,54.2766
757,2025-06-05T14:18:30.096,-4.31635,52.5012
758,2025-06-05T14:18:30.358,4.30823,54.2935
759,2025-06-05T14:18:30.620,1.82223,54.2315
760,2025-06-05T14:18:30.883,4.91633,51.6741
761,2025-06-05T14:18:31.145,4.18605,53.7142
762,2025-06-05T14:18:31.407,5.31786,53.8945
763,2025-06-05T14:18:31.669,2.2501,54.2524
764,2025-06-05T14:18:31.931,5.2084,54.4298
765,2025-06-05T14:18:32.193,3.47135,52.1678
766,2025-06-05T14:18:32.455,2.79382,54.8354
767,2025-06-05T14:18:32.718,2.61941,54.6864
768,2025-06-05T14:18:32.980,-0.821372,54.6214
769,2025-06-05T14:18:33.242,-3.72388,58.3115
770,2025-06-05T14:18:33.504,3.06888,57.0888
771,2025-06-05T14:18:33.766,0.818587,58.2996
772,2025-06-05T14:18:34.029,3.95784,57.5221
773,2025-06-05T14:18:34.291,2.96409,54.6567
774,2025-06-05T14:18:34.553,3.48461,50.4468
775,2025-06-05T14:18:34.815,4.39552,53.4781
776,2025-06-05T14:18:35.077,5.92997,53.1223
777,2025-06-05T14:18:35.339,5.45896,51.9986
778,2025-06-05T14:18:35.602,3.96914,50.6065
779,2025-06-05T14:18:35.864,4.8684,51.5297
780,2025-06-05T14:18:36.126,4.02257,51.019
781,2025-06-05T14:18:36.388,3.377,49.1566
782,2025-06-05T14:18:36.650,2.83013,50.9439
783,2025-06-05T14:18:36.912,4.63852,48.251
784,2025-06-05T14:18:37.175,5.97275,51.1916
785,2025-06-05T14:18:37.437,1.05337,54.2179
786,2025-06-05T14:18:37.699,3.08864,52.5239
787,2025-06-05T14:18:37.961,2.93576,53.1939
788,2025-06-05T14:18:38.223,3.58249,54.3386
789,2025-06-05T14:18:38.486,4.64342,52.9753
790,2025-06-05T14:18:38.748,3.46456,54.6823
791,2025-06-05T14:18:39.010,4.12154,54.4421
792,2025-06-05T14:18:39.272,2.4691,54.4656
793,2025-06-05T14:18:39.534,3.44094,54.354
794,2025-06-05T14:18:39.796,3.56395,53.1602
795,2025-06-05T14:18:40.059,6.38209,57.6188
796,2025-06-05T14:18:40.321,1.81692,53.2806
797,2025-06-05T14:18:40.583,0.845791,54.2255
798,2025-06-05T14:18:40.845,3.44427,52.9359
799,2025-06-05T14:18:41.107,2.7787,53.6608
800,2025-06-05T14:18:41.369,2.53452,51.8816
801,2025-06-05T14:18:41.632,1.98282,54.409
802,2025-06-05T14:18:41.894,2.85757,54.0438
803,2025-06-05T14:18:42.156,6.55265,54.3651
804,2025-06-05T14:18:42.418,3.78901,54.2956
805,2025-06-05T14:18:42.680,3.91004,54.671
806,2025-06-05T14:18:42.943,3.30888,55.4891
807,2025-06-05T14:18:43.205,4.66272,55.076
808,2025-06-05T14:18:43.467,3.68172,53.9649
809,2025-06-05T14:18:43.729,3.44828,55.3271
810,2025-06-05T14:18:43.991,3.14923,55.8669
811,2025-06-05T14:18:44.254,3.29857,55.2184
812,2025-06-05T14:18:44.516,3.81161,54.7395
813,2025-06-05T14:18:44.778,4.47491,54.4327
814,2025-06-05T14:18:45.040,3.37582,53.2275
815,2025-06-05T14:18:45.302,3.60017,54.135
816,2025-06-05T14:18:45.564,2.01283,53.1581
817,2025-06-05T14:18:45.827,1.94594,56.0526
818,2025-06-05T14:18:46.089,4.1542,48.7442
819,2025-06-05T14:18:46.351,1.59917,50.7992
820,2025-06-05T14:18:46.613,4.25261,53.3347
821,2025-06-05T14:18:46.875,5.43704,51.6476
822,2025-06-05T14:18:47.137,3.75745,50.5945
823,2025-06-05T14:18:47.399,3.43428,53.0912
824,2025-06-05T14:18:47.662,2.7856,51.8837
825,2025-06-05T14:18:47.924,3.94741,53.0204
826,2025-06-05T14:18:48.186,4.66602,52.9299
827,2025-06-05T14:18:48.448,2.71385,53.9912
828,2025-06-05T14:18:48.710,4.22909,55.1256
829,2025-06-05T14:18:48.972,3.12658,52.7358
830,2025-06-05T14:18:49.235,3.48114,55.7518
831,2025-06-05T14:18:49.497,2.20827,54.4779
832,2025-06-05T14:18:49.759,0.0738189,52.8591
833,2025-06-05T14:18:50.021,-0.179771,53.7535
834,2025-06-05T14:18:50.283,-0.00901845,55.4504
835,2025-06-05T14:18:50.545,-2.85255,53.6984
836,2025-06-05T14:18:50.808,3.08145,55.2167
837,2025-06-05T14:18:51.070,0.562546,54.5398
838,2025-06-05T14:18:51.332,0.978418,56.1534
839,2025-06-05T14:18:51.594,1.18257,56.539
840,2025-06-05T14:18:51.856,3.17815,58.8995
841,2025-06-05T14:18:52.118,1.13333,57.8107
842,2025-06-05T14:18:52.381,2.68438,56.3581
843,2025-06-05T14:18:52.643,1.38895,58.1951
844,2025-06-05T14:18:52.905,2.05633,58.8953
845,2025-06-05T14:18:53.167,2.77686,58.471
846,2025-06-05T14:18:53.429,0.487393,58.5611
847,2025-06-05T14:18:53.692,1.28302,58.1257
848,2025-06-05T14:18:53.954,3.00655,58.1228
849,2025-06-05T14:18:54.216,4.11049,55.5825
850,2025-06-05T14:18:54.478,3.49929,56.6671
851,2025-06-05T14:18:54.740,3.66664,61.1735
852,2025-06-05T14:18:55.003,2.46247,58.4364
853,2025-06-05T14:18:55.265,0.585513,57.1131
854,2025-06-05T14:18:55.527,1.9886,58.2586
855,2025-06-05T14:18:55.789,2.52292,58.4553
856,2025-06-05T14:18:56.052,1.02352,59.6143
857,2025-06-05T14:18:56.313,2.93137,60.1166
858,2025-06-05T14:18:56.576,0.852641,56.6347
859,2025-06-05T14:18:56.838,0.291932,57.3168
860,2025-06-05T14:18:57.100,0.663394,56.6794
861,2025-06-05T14:18:57.362,2.4846,57.2773
862,2025-06-05T14:18:57.624,-2.35207,56.995
863,2025-06-05T14:18:57.886,0.92533,59.3956
864,2025-06-05T14:18:58.149,-1.74107,55.6833
865,2025-06-05T14:18:58.411,5.24666,56.8988
866,2025-06-05T14:18:58.673,-1.14117,59.3534
867,2025-06-05T14:18:58.935,-0.0664821,54.6147
868,2025-06-05T14:18:59.197,3.07309,55.9485
869,2025-06-05T14:18:59.460,-1.64082,57.9057
870,2025-06-05T14:18:59.722,2.09991,55.5106
871,2025-06-05T14:18:59.984,4.18939,55.6306
872,2025-06-05T14:19:00.246,-1.81242,55.3871
873,2025-06-05T14:19:00.508,4.77801,56.9093
874,2025-06-05T14:19:00.771,-0.0409069,59.2702
875,2025-06-05T14:19:01.032,-0.68091,52.736
876,2025-06-05T14:19:01.295,-4.4342,55.3102
877,2025-06-05T14:19:01.557,2.34955,56.7479
878,2025-06-05T14:19:01.819,2.67094,55.8149
879,2025-06-05T14:19:02.081,1.941,55.6777
880,2025-06-05T14:19:02.343,5.38295,59.9341
881,2025-06-05T14:19:02.606,3.97654,59.969
882,2025-06-05T14:19:02.868,5.86963,57.6309
883,2025-06-05T14:19:03.130,6.01439,58.4733
884,2025-06-05T14:19:03.392,4.85497,59.0466
885,2025-06-05T14:19:03.654,0.443887,56.2926
886,2025-06-05T14:19:03.916,5.01747,54.2632
887,2025-06-05T14:19:04.178,1.25137,56.5224
888,2025-06-05T14:19:04.441,3.22767,51.6546
889,2025-06-05T14:19:04.703,0.00136812,54.4054
890,2025-06-05T14:19:04.965,2.84055,59.0288
891,2025-06-05T14:19:05.227,2.26948,51.2651
892,2025-06-05T14:19:05.489,-2.2704,59.0103
893,2025-06-05T14:19:05.752,4.28688,53.2596
894,2025-06-05T14:19:06.014,1.75344,57.5993
895,2025-06-05T14:19:06.276,6.46715,58.598
896,2025-06-05T14:19:06.538,3.6533,56.627
897,2025-06-05T14:19:06.800,1.16144,52.3797
898,2025-06-05T14:19:07.063,5.32059,58.0925
899,2025-06-05T14:19:07.325,5.58542,54.9601
900,2025-06-05T14:19:07.587,0.497631,56.1676
901,2025-06-05T14:19:07.849,0.152985,53.413
902,2025-06-05T14:19:08.111,8.28844,54.374
903,2025-06-05T14:19:08.373,5.74715,53.7858
904,2025-06-05T14:19:08.636,2.46135,53.8096
905,2025-06-05T14:19:08.898,4.54571,50.9382
906,2025-06-05T14:19:09.160,4.05591,54.7994
907,2025-06-05T14:19:09.422,1.68285,57.1147
908,2025-06-05T14:19:09.684,-0.925014,56.0012
909,2025-06-05T14:19:09.946,3.42614,54.9544
910,2025-06-05T14:19:10.209,2.39996,52.5087
911,2025-06-05T14:19:10.471,4.98627,54.6024
912,2025-06-05T14:19:10.733,3.50261,53.9601
913,2025-06-05T14:19:10.995,1.61098,55.8002
914,2025-06-05T14:19:11.257,2.68545,56.6697
915,2025-06-05T14:19:11.519,3.57307,57.6789
916,2025-06-05T14:19:11.782,2.09841,59.1587
917,2025-06-05T14:19:12.044,2.86398,57.9548
918,2025-06-05T14:19:12.306,2.30723,58.8362
919,2025-06-05T14:19:12.568,2.43211,55.3664
920,2025-06-05T14:19:12.830,2.92715,59.0307
921,2025-06-05T14:19:13.093,2.83234,58.4155
922,2025-06-05T14:19:13.355,3.37438,56.8662
923,2025-06-05T14:19:13.617,1.05516,57.124
924,2025-06-05T14:19:13.879,5.24603,58.6434
925,2025-06-05T14:19:14.141,2.72946,59.9498
926,2025-06-05T14:19:14.403,4.30008,58.4837
927,2025-06-05T14:19:14.666,2.30394,59.1248
928,2025-06-05T14:19:14.928,2.52274,59.4455
929,2025-06-05T14:19:15.190,3.74467,61.1254
930,2025-06-05T14:19:15.452,2.06707,60.6586
931,2025-06-05T14:19:15.714,1.58698,60.2979
932,2025-06-05T14:19:15.976,3.46376,60.58
933,2025-06-05T14:19:16.239,3.03335,62.8308
934,2025-06-05T14:19:16.501,2.05943,62.1082
935,2025-06-05T14:19:16.763,1.94492,62.0607
936,2025-06-05T14:19:17.025,3.05656,63.848
937,2025-06-05T14:19:17.287,2.10153,60.6523
938,2025-06-05T14:19:17.549,3.35481,63.3317
939,2025-06-05T14:19:17.812,4.16528,64.3004
940,2025-06-05T14:19:18.074,2.49739,63.7379
941,2025-06-05T14:19:18.336,3.56881,63.7074
942,2025-06-05T14:19:18.598,2.36042,64.2231
943,2025-06-05T14:19:18.860,2.62416,64.83
944,2025-06-05T14:19:19.123,2.83373,65.0359
945,2025-06-05T14:19:19.385,3.76786,65.8667
946,2025-06-05T14:19:19.647,3.61215,62.9964
947,2025-06-05T14:19:19.909,1.19098,63.586
948,2025-06-05T14:19:20.171,2.4704,65.8789
949,2025-06-05T14:19:20.433,2.84342,64.2138
950,2025-06-05T14:19:20.696,2.09047,65.4336
951,2025-06-05T14:19:20.958,2.7334,65.9184
952,2025-06-05T14:19:21.220,1.21774,65.416
953,2025-06-05T14:19:21.482,1.40364,65.796
954,2025-06-05T14:19:21.744,2.73511,66.2168
955,2025-06-05T14:19:22.006,2.71984,66.5368
956,2025-06-05T14:19:22.268,0.727508,66.7447
957,2025-06-05T14:19:22.531,3.80204,66.3623
958,2025-06-05T14:19:22.793,2.30953,63.5586
959,2025-06-05T14:19:23.055,3.70597,65.0308
960,2025-06-05T14:19:23.317,4.41634,62.9967
961,2025-06-05T14:19:23.579,0.0163868,63.1903
962,2025-06-05T14:19:23.842,1.31406,62.0555
963,2025-06-05T14:19:24.104,2.34808,64.5769
964,2025-06-05T14:19:24.366,2.92698,66.4184
965,2025-06-05T14:19:24.628,-1.86496,62.3148
966,2025-06-05T14:19:24.890,5.67441,69.6581
967,2025-06-05T14:19:25.153,0.272591,67.6854
968,2025-06-05T14:19:25.415,-0.36258,64.914
969,2025-06-05T14:19:25.677,2.35976,67.8717
970,2025-06-05T14:19:25.939,-1.28452,62.7772
971,2025-06-05T14:19:26.201,1.7739,67.2365
972,2025-06-05T14:19:26.463,1.23208,66.6665
973,2025-06-05T14:19:26.726,-0.829672,65.2503
974,2025-06-05T14:19:26.988,3.98592,69.0513
975,2025-06-05T14:19:27.250,1.15867,63.1686
976,2025-06-05T14:19:27.512,1.3857,67.3941
977,2025-06-05T14:19:27.774,-2.03898,64.3974
978,2025-06-05T14:19:28.036,1.99501,66.3358
979,2025-06-05T14:19:28.299,1.24597,64.1304
980,2025-06-05T14:19:28.561,-6.60062,64.5655
981,2025-06-05T14:19:28.823,-1.30368,65.4732
982,2025-06-05T14:19:29.085,3.29572,65.2627
983,2025-06-05T14:19:29.348,-3.06036,66.4053
984,2025-06-05T14:19:29.610,-8.43364,60.1174
985,2025-06-05T14:19:29.872,-2.70535,63.1481
986,2025-06-05T14:19:30.134,0.606754,60.1922
987,2025-06-05T14:19:30.396,-2.90651,58.7782
988,2025-06-05T14:19:30.658,3.45119,61.2485
989,2025-06-05T14:19:30.920,3.53985,61.1305
990,2025-06-05T14:19:31.182,4.67748,59.7637
991,2025-06-05T14:19:31.445,4.7281,62.8223
992,2025-06-05T14:19:31.707,2.19098,59.7013
993,2025-06-05T14:19:31.969,2.09033,58.0418
994,2025-06-05T14:19:32.231,6.40904,59.2175
995,2025-06-05T14:19:32.493,3.55201,57.8544
996,2025-06-05T14:19:32.755,1.11028,59.0542
997,2025-06-05T14:19:33.018,5.73727,59.5417
998,2025-06-05T14:19:33.280,3.83796,61.814
999,2025-06-05T14:19:33.542,3.32445,60.2755
1000,2025-06-05T14:19:33.804,2.43164,58.8726
1001,2025-06-05T14:19:34.066,4.46462,59.7
1002,2025-06-05T14:19:34.329,5.16891,59.2995
1003,2025-06-05T14:19:34.591,1.98682,58.0882
1004,2025-06-05T14:19:34.853,4.25759,62.3597
1005,2025-06-05T14:19:35.115,3.15601,58.7499
1006,2025-06-05T14:19:35.377,2.27185,62.5731
1007,2025-06-05T14:19:35.640,4.84075,58.5109
1008,2025-06-05T14:19:35.902,3.5998,63.0299
1009,2025-06-05T14:19:36.164,3.17568,59.9476
1010,2025-06-05T14:19:36.426,3.32004,60.9816
1011,2025-06-05T14:19:36.688,2.90841,61.7733
1012,2025-06-05T14:19:36.950,3.17565,60.2282
1013,2025-06-05T14:19:37.212,4.11284,61.1258
1014,2025-06-05T14:19:37.475,4.44203,63.0979
1015,2025-06-05T14:19:37.737,4.38646,61.6467
1016,2025-06-05T14:19:37.999,1.31521,59.7961
1017,2025-06-05T14:19:38.261,4.58894,61.6539
1018,2025-06-05T14:19:38.523,4.35382,61.5811
1019,2025-06-05T14:19:38.787,4.47227,61.8194
1020,2025-06-05T14:19:39.048,2.8276,60.9774
1021,2025-06-05T14:19:39.310,2.43348,60.3175
1022,2025-06-05T14:19:39.572,4.44775,60.1117
1023,2025-06-05T14:19:39.834,3.88328,63.2703
1024,2025-06-05T14:19:40.096,2.91619,62.5142
1025,2025-06-05T14:19:40.358,-0.872976,60.7216
1026,2025-06-05T14:19:40.621,2.60679,63.1946
1027,2025-06-05T14:19:40.883,5.4052,63.1975
1028,2025-06-05T14:19:41.145,4.64519,62.4122
1029,2025-06-05T14:19:41.407,3.80387,61.8963
1030,2025-06-05T14:19:41.669,1.752,62.2637
1031,2025-06-05T14:19:41.932,0.852484,62.4528
1032,2025-06-05T14:19:42.194,4.55962,62.8428
1033,2025-06-05T14:19:42.456,1.89166,61.4853
1034,2025-06-05T14:19:42.718,2.31188,63.2649
1035,2025-06-05T14:19:42.980,3.60615,59.3396
1036,2025-06-05T14:19:43.243,0.540148,64.624
1037,2025-06-05T14:19:43.505,0.213826,61.375
1038,2025-06-05T14:19:43.770,3.14533,67.4009
1039,2025-06-05T14:19:44.029,2.81783,60.8847
1040,2025-06-05T14:19:44.291,4.03171,62.0933
1041,2025-06-05T14:19:44.553,2.00409,62.5594
1042,2025-06-05T14:19:44.817,3.739,64.5159
1043,2025-06-05T14:19:45.078,5.58955,63.4029
1044,2025-06-05T14:19:45.340,1.59248,65.5505
1045,2025-06-05T14:19:45.602,4.26512,66.9997
1046,2025-06-05T14:19:45.864,1.65352,65.4789
1047,2025-06-05T14:19:46.126,1.87265,64.3519
1048,2025-06-05T14:19:46.388,5.37948,64.0537
1049,2025-06-05T14:19:46.651,6.34707,65.6863
1050,2025-06-05T14:19:46.913,0.140311,67.0418
1051,2025-06-05T14:19:47.175,3.29348,66.0436
1052,2025-06-05T14:19:47.437,-0.159822,66.2228
1053,2025-06-05T14:19:47.700,0.927042,62.9552
1054,2025-06-05T14:19:47.962,0.773274,65.063
1055,2025-06-05T14:19:48.224,2.92021,67.1566
1056,2025-06-05T14:19:48.486,6.11425,63.505
1057,2025-06-05T14:19:48.748,3.02328,66.2747
1058,2025-06-05T14:19:49.010,4.09344,62.4204
1059,2025-06-05T14:19:49.272,1.85356,63.6207
1060,2025-06-05T14:19:49.535,6.58836,67.5532
1061,2025-06-05T14:19:49.797,4.97614,63.9579
1062,2025-06-05T14:19:50.059,5.61187,64.6876
1063,2025-06-05T14:19:50.321,4.98051,65.2661
1064,2025-06-05T14:19:50.583,4.17656,64.9105
1065,2025-06-05T14:19:50.846,5.21298,64.4093
1066,2025-06-05T14:19:51.108,3.31109,64.0525
1067,2025-06-05T14:19:51.370,2.63142,64.0648
1068,2025-06-05T14:19:51.632,7.14727,63.3857
1069,2025-06-05T14:19:51.894,2.8521,63.3034
1070,2025-06-05T14:19:52.157,4.64745,65.611
1071,2025-06-05T14:19:52.418,1.47993,64.232
1072,2025-06-05T14:19:52.681,3.53496,61.0487
1073,2025-06-05T14:19:52.943,5.3174,63.6244
1074,2025-06-05T14:19:53.205,5.72978,63.4497
1075,2025-06-05T14:19:53.467,5.18477,63.4018
1076,2025-06-05T14:19:53.729,4.92512,60.6827
1077,2025-06-05T14:19:53.992,3.26358,60.9006
1078,2025-06-05T14:19:54.254,1.3982,58.7809
1079,2025-06-05T14:19:54.516,-2.75566,56.5333
1080,2025-06-05T14:19:54.778,-4.20734,56.5771
1081,2025-06-05T14:19:55.040,1.70165,54.685
1082,2025-06-05T14:19:55.303,-3.47746,56.2495
1083,2025-06-05T14:19:55.565,5.66719,55.0936
1084,2025-06-05T14:19:55.827,1.04458,53.5799
1085,2025-06-05T14:19:56.089,5.65958,58.7563
1086,2025-06-05T14:19:56.351,7.02093,58.7775
1087,2025-06-05T14:19:56.613,7.41143,55.3729
1088,2025-06-05T14:19:56.876,1.16509,54.8538
1089,2025-06-05T14:19:57.138,6.18833,56.4237
1090,2025-06-05T14:19:57.400,5.5177,56.6159
1091,2025-06-05T14:19:57.662,2.11874,54.531
1092,2025-06-05T14:19:57.924,4.68865,51.6273
1093,2025-06-05T14:19:58.186,6.46295,57.8285
1094,2025-06-05T14:19:58.449,-0.367922,50.8766
1095,2025-06-05T14:19:58.711,6.22741,50.1439
1096,2025-06-05T14:19:58.973,12.28,51.5538
1097,2025-06-05T14:19:59.235,4.51545,51.7696
1098,2025-06-05T14:19:59.497,6.22586,47.6096
1099,2025-06-05T14:19:59.759,5.45442,49.1885
1100,2025-06-05T14:20:00.022,3.19733,49.4045
1101,2025-06-05T14:20:00.284,6.53402,53.1997
1102,2025-06-05T14:20:00.546,3.15359,54.0078
1103,2025-06-05T14:20:00.808,2.03363,53.2544
1104,2025-06-05T14:20:01.070,4.29508,55.0645
1105,2025-06-05T14:20:01.333,0.89199,48.6568
1106,2025-06-05T14:20:01.595,5.03287,54.116
1107,2025-06-05T14:20:01.860,2.65335,49.4242
1108,2025-06-05T14:20:02.119,9.75159,49.2159
1109,2025-06-05T14:20:02.381,6.52212,48.1138
1110,2025-06-05T14:20:02.643,8.06729,52.5693
1111,2025-06-05T14:20:02.906,8.22131,51.6123
1112,2025-06-05T14:20:03.168,5.26991,50.4137
1113,2025-06-05T14:20:03.430,5.33057,51.4784
1114,2025-06-05T14:20:03.692,5.05635,53.4056
1115,2025-06-05T14:20:03.954,6.69483,53.8862
1116,2025-06-05T14:20:04.216,5.00374,54.2717
1117,2025-06-05T14:20:04.479,4.09518,55.102
1118,2025-06-05T14:20:04.741,6.96305,56.1557
1119,2025-06-05T14:20:05.003,7.73322,52.903
1120,2025-06-05T14:20:05.265,8.13923,53.6929
1121,2025-06-05T14:20:05.528,3.05682,52.2802
1122,2025-06-05T14:20:05.789,4.64082,50.8298
1123,2025-06-05T14:20:06.052,1.82852,49.7162
1124,2025-06-05T14:20:06.314,7.10846,52.5732
1125,2025-06-05T14:20:06.576,7.95447,56.7347
1126,2025-06-05T14:20:06.838,4.80545,54.3585
1127,2025-06-05T14:20:07.100,7.95289,55.5992
1128,2025-06-05T14:20:07.362,7.87222,52.673
1129,2025-06-05T14:20:07.634,5.39192,53.7292
1130,2025-06-05T14:20:07.887,5.27446,50.754
1131,2025-06-05T14:20:08.149,7.21736,53.1952
1132,2025-06-05T14:20:08.414,6.06335,52.7456
1133,2025-06-05T14:20:08.673,2.40676,51.9889
1134,2025-06-05T14:20:08.936,4.96176,50.1107
1135,2025-06-05T14:20:09.198,5.65222,54.1193
1136,2025-06-05T14:20:09.460,5.18228,54.4748
1137,2025-06-05T14:20:09.722,5.11388,53.9713
1138,2025-06-05T14:20:09.984,8.97112,52.6776
1139,2025-06-05T14:20:10.247,6.95063,53.4973
1140,2025-06-05T14:20:10.509,7.22894,53.7712
1141,2025-06-05T14:20:10.771,6.51158,54.7955
1142,2025-06-05T14:20:11.033,6.43165,54.5653
1143,2025-06-05T14:20:11.295,6.37857,54.4409
1144,2025-06-05T14:20:11.557,5.82757,56.2059
1145,2025-06-05T14:20:11.819,8.49987,56.0672
1146,2025-06-05T14:20:12.082,5.56244,56.1857
1147,2025-06-05T14:20:12.344,7.46295,56.9913
1148,2025-06-05T14:20:12.606,6.31275,58.0089
1149,2025-06-05T14:20:12.868,6.71049,57.3729
1150,2025-06-05T14:20:13.130,4.39925,56.8258
1151,2025-06-05T14:20:13.393,7.01509,56.8367
1152,2025-06-05T14:20:13.655,4.39457,56.8745
1153,2025-06-05T14:20:13.917,5.71578,56.3114
1154,2025-06-05T14:20:14.179,3.91807,54.7348
1155,2025-06-05T14:20:14.441,4.4561,56.81
1156,2025-06-05T14:20:14.703,6.47953,57.7625
1157,2025-06-05T14:20:14.966,2.29976,58.2373
1158,2025-06-05T14:20:15.228,1.14416,55.5275
1159,2025-06-05T14:20:15.490,2.71624,56.4592
1160,2025-06-05T14:20:15.752,7.35555,55.584
1161,2025-06-05T14:20:16.014,4.93394,57.604
1162,2025-06-05T14:20:16.277,4.96002,55.5565
1163,2025-06-05T14:20:16.539,3.85229,58.305
1164,2025-06-05T14:20:16.801,4.88647,56.5677
1165,2025-06-05T14:20:17.063,6.92128,56.1465
1166,2025-06-05T14:20:17.325,5.70446,57.4087
1167,2025-06-05T14:20:17.587,-1.14139,52.0039
1168,2025-06-05T14:20:17.849,6.17735,57.2466
1169,2025-06-05T14:20:18.112,4.50116,57.7117
1170,2025-06-05T14:20:18.374,7.0466,55.4255
1171,2025-06-05T14:20:18.636,6.14224,57.2503
1172,2025-06-05T14:20:18.898,6.06319,56.379
1173,2025-06-05T14:20:19.161,3.71218,58.2107
1174,2025-06-05T14:20:19.423,3.7244,57.1619
1175,2025-06-05T14:20:19.685,3.92288,57.893
1176,2025-06-05T14:20:19.947,5.26116,57.8767
1177,2025-06-05T14:20:20.209,5.16496,57.9352
1178,2025-06-05T14:20:20.471,4.56943,58.424
1179,2025-06-05T14:20:20.733,6.47179,58.491
1180,2025-06-05T14:20:20.996,1.3524,56.3504
1181,2025-06-05T14:20:21.258,5.49096,60.2718
1182,2025-06-05T14:20:21.520,7.08105,60.6874
1183,2025-06-05T14:20:21.782,6.9762,58.8553
1184,2025-06-05T14:20:22.044,6.69412,59.8617
1185,2025-06-05T14:20:22.307,5.74709,59.3681
1186,2025-06-05T14:20:22.569,6.62149,59.0698
1187,2025-06-05T14:20:22.831,3.43276,62.0515
1188,2025-06-05T14:20:23.093,4.97506,62.1965
1189,2025-06-05T14:20:23.355,1.30467,59.6876
1190,2025-06-05T14:20:23.617,6.26267,60.3206
1191,2025-06-05T14:20:23.880,6.66561,61.7273
1192,2025-06-05T14:20:24.142,5.96913,60.5507
1193,2025-06-05T14:20:24.404,9.19335,62.9535
1194,2025-06-05T14:20:24.666,4.79436,59.15
1195,2025-06-05T14:20:24.928,7.62636,61.7577
1196,2025-06-05T14:20:25.190,0.357955,60.7904
1197,2025-06-05T14:20:25.453,5.27328,60.3076
1198,2025-06-05T14:20:25.715,4.37772,61.4245
1199,2025-06-05T14:20:25.977,7.56885,60.5416
1200,2025-06-05T14:20:26.239,8.54376,63.0697
1201,2025-06-05T14:20:26.501,4.96246,60.0428
1202,2025-06-05T14:20:26.764,2.30355,59.6881
1203,2025-06-05T14:20:27.026,7.13687,54.559
1204,2025-06-05T14:20:27.288,5.71611,56.8596
1205,2025-06-05T14:20:27.550,6.6416,56.1481
1206,2025-06-05T14:20:27.812,5.35939,56.0112
1207,2025-06-05T14:20:28.074,5.21536,56.4714
1208,2025-06-05T14:20:28.336,4.28755,56.3948
1209,2025-06-05T14:20:28.599,6.23811,58.4297
1210,2025-06-05T14:20:28.861,7.19866,57.3058
1211,2025-06-05T14:20:29.123,8.25085,58.8307
1212,2025-06-05T14:20:29.385,6.58188,58.1973
1213,2025-06-05T14:20:29.647,6.66616,58.2835
1214,2025-06-05T14:20:29.910,1.94605,57.5961
1215,2025-06-05T14:20:30.172,6.65959,57.0179
1216,2025-06-05T14:20:30.434,7.10317,60.6009
1217,2025-06-05T14:20:30.696,5.10804,59.847
1218,2025-06-05T14:20:30.958,5.45526,59.4301
1219,2025-06-05T14:20:31.220,4.9882,61.7302
1220,2025-06-05T14:20:31.483,7.26593,60.7535
1221,2025-06-05T14:20:31.745,2.44944,59.6652
1222,2025-06-05T14:20:32.007,5.3713,58.7509
1223,2025-06-05T14:20:32.269,2.24195,57.4503
1224,2025-06-05T14:20:32.531,4.03535,56.9816
1225,2025-06-05T14:20:32.793,4.02184,51.9514
1226,2025-06-05T14:20:33.056,5.61108,57.0486
1227,2025-06-05T14:20:33.318,6.92701,54.3155
1228,2025-06-05T14:20:33.580,4.86705,51.4987
1229,2025-06-05T14:20:33.842,8.18519,54.2839
1230,2025-06-05T14:20:34.104,7.11676,55.435
1231,2025-06-05T14:20:34.366,2.56927,52.3585
1232,2025-06-05T14:20:34.629,6.17803,54.0445
1233,2025-06-05T14:20:34.891,7.71115,52.8206
1234,2025-06-05T14:20:35.153,9.6265,53.5038
1235,2025-06-05T14:20:35.415,7.27569,53.9169
1236,2025-06-05T14:20:35.677,3.94266,52.2653
1237,2025-06-05T14:20:35.939,5.13258,49.892
1238,2025-06-05T14:20:36.202,7.28393,53.9728
1239,2025-06-05T14:20:36.464,4.88929,53.7561
1240,2025-06-05T14:20:36.726,9.00659,51.8733
1241,2025-06-05T14:20:36.990,1.6169,50.147
1242,2025-06-05T14:20:37.250,6.08477,52.6417
1243,2025-06-05T14:20:37.513,6.86549,54.1801
1244,2025-06-05T14:20:37.775,8.64129,48.7092
1245,2025-06-05T14:20:38.037,6.47033,50.2175
1246,2025-06-05T14:20:38.299,5.50446,48.0002
1247,2025-06-05T14:20:38.562,7.53951,53.6187
1248,2025-06-05T14:20:38.823,-0.46795,52.9469
1249,2025-06-05T14:20:39.086,7.40901,53.8059
1250,2025-06-05T14:20:39.348,4.35496,51.3149
1251,2025-06-05T14:20:39.610,5.95404,53.0377
1252,2025-06-05T14:20:39.872,3.3761,52.2069
1253,2025-06-05T14:20:40.134,10.1874,55.1903
1254,2025-06-05T14:20:40.396,7.55313,52.696
1255,2025-06-05T14:20:40.659,5.86019,51.2205
1256,2025-06-05T14:20:40.921,6.02085,53.047
1257,2025-06-05T14:20:41.183,5.94584,54.8516
1258,2025-06-05T14:20:41.445,7.48174,53.1494
1259,2025-06-05T14:20:41.707,7.77493,53.6755
1260,2025-06-05T14:20:41.969,6.51947,53.9096
1261,2025-06-05T14:20:42.232,6.84594,53.812
1262,2025-06-05T14:20:42.494,7.23533,55.1473
1263,2025-06-05T14:20:42.756,5.20455,54.1256
1264,2025-06-05T14:20:43.018,5.06501,53.72
1265,2025-06-05T14:20:43.280,5.89164,52.6728
1266,2025-06-05T14:20:43.543,7.08039,54.2305
1267,2025-06-05T14:20:43.805,8.65066,54.5105
1268,2025-06-05T14:20:44.067,5.68791,55.6528
1269,2025-06-05T14:20:44.329,6.23595,57.0313
1270,2025-06-05T14:20:44.591,7.69165,55.8076
1271,2025-06-05T14:20:44.853,8.01903,55.6717
1272,2025-06-05T14:20:45.116,7.51583,54.9851
1273,2025-06-05T14:20:45.378,5.34148,55.4281
1274,2025-06-05T14:20:45.640,6.33627,56.5446
1275,2025-06-05T14:20:45.902,6.99992,55.6216
1276,2025-06-05T14:20:46.164,4.92402,57.7636
1277,2025-06-05T14:20:46.427,5.97935,57.2901
1278,2025-06-05T14:20:46.689,5.68233,57.231
1279,2025-06-05T14:20:46.951,5.58583,57.1935
1280,2025-06-05T14:20:47.213,5.03202,56.6751
1281,2025-06-05T14:20:47.475,8.14245,57.2027
1282,2025-06-05T14:20:47.737,4.25101,56.5148
1283,2025-06-05T14:20:47.999,4.52431,57.5851
1284,2025-06-05T14:20:48.262,2.63546,55.3317
1285,2025-06-05T14:20:48.524,2.2672,53.2095
1286,2025-06-05T14:20:48.786,0.934774,55.4184
1287,2025-06-05T14:20:49.048,5.36362,54.5951
1288,2025-06-05T14:20:49.310,2.76753,55.1058
1289,2025-06-05T14:20:49.573,4.72715,56.9391
1290,2025-06-05T14:20:49.835,5.8254,57.0746
1291,2025-06-05T14:20:50.097,4.49781,55.5076
1292,2025-06-05T14:20:50.359,5.85932,55.4509
1293,2025-06-05T14:20:50.621,5.54159,57.0639
1294,2025-06-05T14:20:50.883,4.16449,56.6097
1295,2025-06-05T14:20:51.146,5.18149,57.3633
1296,2025-06-05T14:20:51.408,6.57181,56.2666
1297,2025-06-05T14:20:51.670,6.55646,57.9871
1298,2025-06-05T14:20:51.932,5.64432,55.67
1299,2025-06-05T14:20:52.196,5.4162,57.0457
1300,2025-06-05T14:20:52.456,5.93798,58.0173
1301,2025-06-05T14:20:52.719,4.81992,56.5794
1302,2025-06-05T14:20:52.981,6.74534,55.9968
1303,2025-06-05T14:20:53.243,4.79867,55.5789
1304,2025-06-05T14:20:53.505,5.93336,57.3701
1305,2025-06-05T14:20:53.767,7.446,56.473
1306,2025-06-05T14:20:54.030,6.73716,56.499
1307,2025-06-05T14:20:54.292,7.58427,57.6066
1308,2025-06-05T14:20:54.554,6.6664,57.5526
1309,2025-06-05T14:20:54.816,5.63983,55.5827
1310,2025-06-05T14:20:55.078,5.6847,56.7773
1311,2025-06-05T14:20:55.340,5.97567,56.7215
1312,2025-06-05T14:20:55.603,7.53489,56.4462
1313,2025-06-05T14:20:55.865,5.93725,57.8287
1314,2025-06-05T14:20:56.127,5.77104,57.9625
1315,2025-06-05T14:20:56.389,5.60134,58.2386
1316,2025-06-05T14:20:56.651,6.52835,57.6094
1317,2025-06-05T14:20:56.914,6.04901,58.5203
1318,2025-06-05T14:20:57.176,7.22604,57.9889
1319,2025-06-05T14:20:57.438,6.56901,58.563
1320,2025-06-05T14:20:57.700,5.76311,57.709
1321,2025-06-05T14:20:57.962,7.75542,59.1498
1322,2025-06-05T14:20:58.224,8.69579,58.3983
1323,2025-06-05T14:20:58.487,5.31604,56.6744
1324,2025-06-05T14:20:58.749,5.73041,58.6862
1325,2025-06-05T14:20:59.011,4.96801,60.6291
1326,2025-06-05T14:20:59.273,5.64921,58.2697
1327,2025-06-05T14:20:59.535,6.49129,60.622
1328,2025-06-05T14:20:59.797,5.85747,60.9345
1329,2025-06-05T14:21:00.059,7.75189,61.2562
1330,2025-06-05T14:21:00.322,5.90042,61.7241
1331,2025-06-05T14:21:00.584,8.50764,61.3881
1332,2025-06-05T14:21:00.846,7.5908,61.4964
1333,2025-06-05T14:21:01.108,7.17415,61.6675
1334,2025-06-05T14:21:01.370,6.90064,61.8601
1335,2025-06-05T14:21:01.633,3.30551,61.7376
1336,2025-06-05T14:21:01.895,5.15701,61.3777
1337,2025-06-05T14:21:02.157,7.01734,61.6761
1338,2025-06-05T14:21:02.419,5.53463,61.8668
1339,2025-06-05T14:21:02.681,6.54169,62.0428
1340,2025-06-05T14:21:02.943,6.22436,61.6985
1341,2025-06-05T14:21:03.206,4.52511,61.8925
1342,2025-06-05T14:21:03.468,6.62932,61.9547
1343,2025-06-05T14:21:03.730,6.31359,62.6656
1344,2025-06-05T14:21:03.992,5.69868,63.1388
1345,2025-06-05T14:21:04.254,6.17399,64.4905
1346,2025-06-05T14:21:04.516,5.25873,65.4127
1347,2025-06-05T14:21:04.779,6.24742,64.8432
1348,2025-06-05T14:21:05.041,5.52527,65.2327
1349,2025-06-05T14:21:05.303,5.34278,63.217
1350,2025-06-05T14:21:05.565,7.5576,62.234
1351,2025-06-05T14:21:05.829,5.99578,63.5289
1352,2025-06-05T14:21:06.089,4.99198,63.4478
1353,2025-06-05T14:21:06.352,8.51076,63.2051
1354,2025-06-05T14:21:06.614,7.88486,63.8302
1355,2025-06-05T14:21:06.876,6.66203,63.1478
1356,2025-06-05T14:21:07.138,6.20076,63.7371
1357,2025-06-05T14:21:07.400,6.83474,64.1732
1358,2025-06-05T14:21:07.663,7.53463,63.2873
1359,2025-06-05T14:21:07.925,7.65039,62.337
1360,2025-06-05T14:21:08.187,5.78245,60.8334
1361,2025-06-05T14:21:08.449,6.80658,62.0568
1362,2025-06-05T14:21:08.711,8.56103,62.8282
1363,2025-06-05T14:21:08.973,7.29482,60.0761
1364,2025-06-05T14:21:09.236,6.43501,62.3219
1365,2025-06-05T14:21:09.498,6.39738,62.6782
1366,2025-06-05T14:21:09.760,5.41073,63.9361
1367,2025-06-05T14:21:10.022,8.05523,62.8955
1368,2025-06-05T14:21:10.284,4.94945,60.8272
1369,2025-06-05T14:21:10.546,6.50871,63.1983
1370,2025-06-05T14:21:10.809,6.81479,60.8081
1371,2025-06-05T14:21:11.071,4.51875,61.8636
1372,2025-06-05T14:21:11.333,1.50895,63.7835
1373,2025-06-05T14:21:11.595,5.81186,62.3451
1374,2025-06-05T14:21:11.857,3.41007,58.4922
1375,2025-06-05T14:21:12.120,3.71445,62.8536
1376,2025-06-05T14:21:12.382,2.43599,62.8751
1377,2025-06-05T14:21:12.644,5.85931,63.3567
1378,2025-06-05T14:21:12.906,4.67699,63.4615
1379,2025-06-05T14:21:13.168,7.09921,63.0448
1380,2025-06-05T14:21:13.430,7.5721,61.5371
1381,2025-06-05T14:21:13.693,6.73342,63.433
1382,2025-06-05T14:21:13.955,6.93875,62.6045
1383,2025-06-05T14:21:14.217,6.27238,63.1996
1384,2025-06-05T14:21:14.479,8.35416,62.427
1385,2025-06-05T14:21:14.741,5.09044,61.4113
1386,2025-06-05T14:21:15.003,9.41243,61.4209
1387,2025-06-05T14:21:15.266,9.33218,60.1036
1388,2025-06-05T14:21:15.528,7.17632,59.2652
1389,2025-06-05T14:21:15.790,7.1587,59.009
1390,2025-06-05T14:21:16.052,8.82566,58.1722
1391,2025-06-05T14:21:16.314,5.18139,60.1466
1392,2025-06-05T14:21:16.576,4.86526,62.6759
1393,2025-06-05T14:21:16.839,8.91827,59.5383
1394,2025-06-05T14:21:17.114,5.03695,59.8742
1395,2025-06-05T14:21:17.363,5.26364,61.8215
1396,2025-06-05T14:21:17.625,7.76061,60.681
1397,2025-06-05T14:21:17.887,5.22935,58.2767
1398,2025-06-05T14:21:18.149,4.03955,62.0548
1399,2025-06-05T14:21:18.412,6.47722,58.9941
1400,2025-06-05T14:21:18.674,6.52993,62.0642
1401,2025-06-05T14:21:18.936,6.12829,60.9966
1402,2025-06-05T14:21:19.198,6.13946,61.8766
1403,2025-06-05T14:21:19.460,3.32899,60.5743
1404,2025-06-05T14:21:19.723,3.91839,60.6664
1405,2025-06-05T14:21:19.985,7.76823,62.9838
1406,2025-06-05T14:21:20.247,6.39867,61.8914
1407,2025-06-05T14:21:20.509,6.23292,61.651
1408,2025-06-05T14:21:20.771,4.95901,62.1043
1409,2025-06-05T14:21:21.033,7.13251,62.207
1410,2025-06-05T14:21:21.296,9.63504,64.4997
1411,2025-06-05T14:21:21.558,8.07508,63.8108
1412,2025-06-05T14:21:21.820,8.11632,64.5047
1413,2025-06-05T14:21:22.082,9.20784,61.5876
1414,2025-06-05T14:21:22.344,7.30129,62.0309
1415,2025-06-05T14:21:22.607,6.06227,62.3241
1416,2025-06-05T14:21:22.869,8.84298,61.6347
1417,2025-06-05T14:21:23.131,7.39262,62.787
1418,2025-06-05T14:21:23.393,7.3695,62.6288
1419,2025-06-05T14:21:23.655,8.33287,61.4737
1420,2025-06-05T14:21:23.917,7.2633,62.4224
1421,2025-06-05T14:21:24.179,7.77857,62.7072
1422,2025-06-05T14:21:24.442,7.08203,62.0389
1423,2025-06-05T14:21:24.704,6.88293,62.7127
1424,2025-06-05T14:21:24.966,7.73419,61.4012
1425,2025-06-05T14:21:25.228,8.54806,60.6971
1426,2025-06-05T14:21:25.490,4.01397,62.7475
1427,2025-06-05T14:21:25.753,3.3534,60.2972
1428,2025-06-05T14:21:26.015,6.32717,63.1921
1429,2025-06-05T14:21:26.277,5.97116,63.992
1430,2025-06-05T14:21:26.539,7.22773,66.1786
1431,2025-06-05T14:21:26.801,6.79709,62.9442
1432,2025-06-05T14:21:27.063,1.57995,58.5373
1433,2025-06-05T14:21:27.326,5.87046,59.6773
1434,2025-06-05T14:21:27.588,7.3198,61.9632
1435,2025-06-05T14:21:27.851,6.62315,60.0517
1436,2025-06-05T14:21:28.112,7.1874,60.9736
1437,2025-06-05T14:21:28.374,6.01962,58.625
1438,2025-06-05T14:21:28.636,9.92339,55.7811
1439,2025-06-05T14:21:28.899,16.3687,54.8636
1440,2025-06-05T14:21:29.161,8.83805,59.1086
1441,2025-06-05T14:21:29.423,8.76454,59.639
1442,2025-06-05T14:21:29.685,10.9539,59.3396
1443,2025-06-05T14:21:29.947,10.964,54.4502
1444,2025-06-05T14:21:30.210,7.66371,57.1
1445,2025-06-05T14:21:30.472,7.63898,55.213
1446,2025-06-05T14:21:30.734,9.47935,57.0802
1447,2025-06-05T14:21:30.996,6.14178,56.8205
1448,2025-06-05T14:21:31.258,6.79774,59.5775
1449,2025-06-05T14:21:31.520,6.19547,55.8413
1450,2025-06-05T14:21:31.783,5.94471,59.0799
1451,2025-06-05T14:21:32.045,7.00832,56.349
1452,2025-06-05T14:21:32.307,6.73228,57.3741
1453,2025-06-05T14:21:32.569,7.69111,58.733
1454,2025-06-05T14:21:32.834,6.27981,59.151
1455,2025-06-05T14:21:33.093,7.6868,58.7188
1456,2025-06-05T14:21:33.356,6.96099,58.3065
1457,2025-06-05T14:21:33.618,5.62557,57.3546
1458,2025-06-05T14:21:33.880,6.8062,57.6473
1459,2025-06-05T14:21:34.142,3.23057,53.9141
1460,2025-06-05T14:21:34.404,3.87162,55.3642
1461,2025-06-05T14:21:34.666,5.85035,53.7396
1462,2025-06-05T14:21:34.929,8.699,52.5401
1463,2025-06-05T14:21:35.191,9.00295,55.0654
1464,2025-06-05T14:21:35.453,8.21904,51.5254
1465,2025-06-05T14:21:35.715,8.76605,51.1842
1466,2025-06-05T14:21:35.977,8.19625,54.5015
1467,2025-06-05T14:21:36.240,4.13809,49.945
1468,2025-06-05T14:21:36.502,8.46011,53.384
1469,2025-06-05T14:21:36.764,7.35073,51.8671
1470,2025-06-05T14:21:37.026,7.17089,53.3753
1471,2025-06-05T14:21:37.288,8.13422,53.3731
1472,2025-06-05T14:21:37.550,5.10238,49.5998
1473,2025-06-05T14:21:37.813,4.80775,56.5957
1474,2025-06-05T14:21:38.075,7.61349,49.7142
1475,2025-06-05T14:21:38.337,7.1766,49.6609
1476,2025-06-05T14:21:38.599,4.89163,48.7912
1477,2025-06-05T14:21:38.861,8.76366,50.3244
1478,2025-06-05T14:21:39.123,2.25393,53.6159
1479,2025-06-05T14:21:39.386,2.09581,46.0733
1480,2025-06-05T14:21:39.648,4.75791,48.0624
1481,2025-06-05T14:21:39.910,8.74611,47.3663
1482,2025-06-05T14:21:40.172,8.29745,45.9533
1483,2025-06-05T14:21:40.434,5.22816,49.0444
1484,2025-06-05T14:21:40.696,4.69276,46.9973
1485,2025-06-05T14:21:40.959,12.7633,45.0863
1486,2025-06-05T14:21:41.221,3.88163,46.1531
1487,2025-06-05T14:21:41.483,7.92717,45.838
1488,2025-06-05T14:21:41.745,1.1926,39.3781
1489,2025-06-05T14:21:42.007,4.23449,43.5411
1490,2025-06-05T14:21:42.270,5.45103,41.5684
1491,2025-06-05T14:21:42.532,2.46724,43.7181
1492,2025-06-05T14:21:42.794,5.64611,45.1993
1493,2025-06-05T14:21:43.056,7.90441,44.3387
1494,2025-06-05T14:21:43.318,6.70135,44.9862
1495,2025-06-05T14:21:43.580,6.87343,42.5816
1496,2025-06-05T14:21:43.843,7.96277,46.3936
1497,2025-06-05T14:21:44.105,8.13423,46.787
1498,2025-06-05T14:21:44.367,0.686453,41.1206
1499,2025-06-05T14:21:44.629,-8.49676,36.026
1500,2025-06-05T14:21:44.891,-2.50007,37.4503
1501,2025-06-05T14:21:45.153,6.1308,32.6056
1502,2025-06-05T14:21:45.416,6.89185,40.4266
1503,2025-06-05T14:21:45.678,11.9818,29.9514
1504,2025-06-05T14:21:45.940,12.5595,30.6794
1505,2025-06-05T14:21:46.202,5.37959,29.952
1506,2025-06-05T14:21:46.464,8.79902,33.6493
1507,2025-06-05T14:21:46.726,12.217,28.621
1508,2025-06-05T14:21:46.989,9.36015,33.5769
1509,2025-06-05T14:21:47.251,12.5151,32.0666
1510,2025-06-05T14:21:47.513,5.85079,29.7844
1511,2025-06-05T14:21:47.775,8.51078,30.0044
1512,2025-06-05T14:21:48.037,10.1181,37.3335
1513,2025-06-05T14:21:48.299,11.9149,29.0702
1514,2025-06-05T14:21:48.562,5.68333,27.3294
1515,2025-06-05T14:21:48.824,8.30062,25.6489
1516,2025-06-05T14:21:49.086,14.6813,25.2651
1517,2025-06-05T14:21:49.348,6.4908,26.4113
1518,2025-06-05T14:21:49.610,4.30634,26.4187
1519,2025-06-05T14:21:49.873,8.32404,23.9722
1520,2025-06-05T14:21:50.135,13.3781,19.2995
1521,2025-06-05T14:21:50.397,14.1928,23.0856
1522,2025-06-05T14:21:50.659,11.5047,21.8229
1523,2025-06-05T14:21:50.921,12.6316,19.0953
1524,2025-06-05T14:21:51.183,2.24511,18.6741
1525,2025-06-05T14:21:51.446,12.8758,24.3185
1526,2025-06-05T14:21:51.708,10.3343,22.4038
1527,2025-06-05T14:21:51.970,4.15803,17.5803
1528,2025-06-05T14:21:52.232,3.83589,18.8284
1529,2025-06-05T14:21:52.494,7.51353,25.3039
1530,2025-06-05T14:21:52.756,13.757,22.2329
1531,2025-06-05T14:21:53.019,12.8655,22.0349
1532,2025-06-05T14:21:53.281,13.6952,27.0378
1533,2025-06-05T14:21:53.543,6.5521,25.7292
1534,2025-06-05T14:21:53.805,6.37797,28.8109
1535,2025-06-05T14:21:54.067,11.1174,28.9818
1536,2025-06-05T14:21:54.329,11.6053,26.883
1537,2025-06-05T14:21:54.592,6.87409,29.4749
1538,2025-06-05T14:21:54.854,9.12771,25.9125
1539,2025-06-05T14:21:55.116,12.921,26.2412
1540,2025-06-05T14:21:55.378,12.342,28.8768
1541,2025-06-05T14:21:55.640,10.3549,22.389
1542,2025-06-05T14:21:55.903,10.5353,18.611
1543,2025-06-05T14:21:56.165,11.654,25.9503
1544,2025-06-05T14:21:56.427,13.533,22.3443
1545,2025-06-05T14:21:56.689,10.5332,23.0523
1546,2025-06-05T14:21:56.951,6.68405,21.6771
1547,2025-06-05T14:21:57.214,10.2422,23.725
1548,2025-06-05T14:21:57.476,11.9715,26.0286
1549,2025-06-05T14:21:57.738,10.7458,25.9174
1550,2025-06-05T14:21:58.000,11.2569,28.8153
1551,2025-06-05T14:21:58.262,13.7767,26.7806
1552,2025-06-05T14:21:58.524,12.5217,28.7864
1553,2025-06-05T14:21:58.786,13.195,26.9055
1554,2025-06-05T14:21:59.049,8.18631,27.4702
1555,2025-06-05T14:21:59.311,9.97923,31.3734
1556,2025-06-05T14:21:59.573,12.2444,32.2848
1557,2025-06-05T14:21:59.835,6.05272,30.9858
1558,2025-06-05T14:22:00.097,0.226084,25.9595
1559,2025-06-05T14:22:00.359,10.9217,33.253
1560,2025-06-05T14:22:00.622,11.7556,28.2173
1561,2025-06-05T14:22:00.884,8.43744,29.5469
1562,2025-06-05T14:22:01.146,12.9063,25.876
1563,2025-06-05T14:22:01.408,9.35878,23.0641
1564,2025-06-05T14:22:01.670,16.4437,24.9888
1565,2025-06-05T14:22:01.933,11.1961,27.3866
1566,2025-06-05T14:22:02.195,11.9221,27.8162
1567,2025-06-05T14:22:02.457,10.9196,28.9537
1568,2025-06-05T14:22:02.719,10.2753,29.9681
1569,2025-06-05T14:22:02.981,11.5319,30.9987
1570,2025-06-05T14:22:03.243,10.6147,33.0843
1571,2025-06-05T14:22:03.506,10.782,34.9993
1572,2025-06-05T14:22:03.768,11.1349,34.1034
1573,2025-06-05T14:22:04.030,9.46921,33.9211
1574,2025-06-05T14:22:04.292,9.10773,35.3333
1575,2025-06-05T14:22:04.554,9.9675,35.7854
1576,2025-06-05T14:22:04.816,9.2139,34.9779
1577,2025-06-05T14:22:05.079,8.98424,35.1984
1578,2025-06-05T14:22:05.341,5.22736,33.7705
1579,2025-06-05T14:22:05.603,9.7954,36.1012
1580,2025-06-05T14:22:05.865,8.0096,34.7178
1581,2025-06-05T14:22:06.127,8.01436,38.622
1582,2025-06-05T14:22:06.390,12.2147,38.9719
1583,2025-06-05T14:22:06.652,12.5107,40.0259
1584,2025-06-05T14:22:06.914,10.931,38.2953
1585,2025-06-05T14:22:07.176,11.4143,38.4422
1586,2025-06-05T14:22:07.438,11.1838,37.6717
1587,2025-06-05T14:22:07.700,10.9429,36.6269
1588,2025-06-05T14:22:07.963,10.5294,37.2828
1589,2025-06-05T14:22:08.225,12.2748,36.986
1590,2025-06-05T14:22:08.487,10.9183,37.2192
1591,2025-06-05T14:22:08.749,11.9377,37.0497
1592,2025-06-05T14:22:09.011,9.80721,37.6735
1593,2025-06-05T14:22:09.273,11.6009,38.4219
1594,2025-06-05T14:22:09.536,11.3515,38.6021
1595,2025-06-05T14:22:09.798,9.90393,39.3516
1596,2025-06-05T14:22:10.060,10.7168,40.4627
1597,2025-06-05T14:22:10.322,7.79868,40.9796
1598,2025-06-05T14:22:10.584,9.34221,40.6941
1599,2025-06-05T14:22:10.846,10.217,40.594
1600,2025-06-05T14:22:11.109,8.53021,41.0426
1601,2025-06-05T14:22:11.371,12.1546,42.2991
1602,2025-06-05T14:22:11.633,10.3944,40.3766
1603,2025-06-05T14:22:11.895,11.0386,41.2695
1604,2025-06-05T14:22:12.157,8.66369,40.1699
1605,2025-06-05T14:22:12.420,9.95598,41.0364
1606,2025-06-05T14:22:12.682,10.4621,42.2005
1607,2025-06-05T14:22:12.944,9.85689,41.5642
1608,2025-06-05T14:22:13.206,9.95847,41.7275
1609,2025-06-05T14:22:13.468,10.2662,41.4058
1610,2025-06-05T14:22:13.730,10.14,41.0504
1611,2025-06-05T14:22:13.993,12.2573,42.018
1612,2025-06-05T14:22:14.255,11.0381,37.7943
1613,2025-06-05T14:22:14.517,10.6067,40.0547
1614,2025-06-05T14:22:14.779,10.6039,40.8241
1615,2025-06-05T14:22:15.041,9.61585,40.0972
1616,2025-06-05T14:22:15.303,10.3753,41.7096
1617,2025-06-05T14:22:15.566,10.4072,41.994
1618,2025-06-05T14:22:15.829,10.3862,42.2556
1619,2025-06-05T14:22:16.090,10.9645,41.8788
1620,2025-06-05T14:22:16.353,10.4683,41.0119
1621,2025-06-05T14:22:16.614,11.0835,41.3018
1622,2025-06-05T14:22:16.876,11.6059,41.6964
1623,2025-06-05T14:22:17.139,11.8222,41.8771
1624,2025-06-05T14:22:17.401,11.2118,42.6699
1625,2025-06-05T14:22:17.663,10.6478,42.4292
1626,2025-06-05T14:22:17.925,12.229,42.143
1627,2025-06-05T14:22:18.187,9.03723,43.4468
1628,2025-06-05T14:22:18.450,9.9482,43.2851
1629,2025-06-05T14:22:18.712,10.9951,44.7427
1630,2025-06-05T14:22:18.974,8.07536,43.6655
1631,2025-06-05T14:22:19.236,10.7808,45.1945
1632,2025-06-05T14:22:19.498,9.31448,45.946
1633,2025-06-05T14:22:19.761,10.6218,45.6733
1634,2025-06-05T14:22:20.023,10.9798,45.3753
1635,2025-06-05T14:22:20.285,11.5208,45.5998
1636,2025-06-05T14:22:20.547,12.0027,45.9752
1637,2025-06-05T14:22:20.809,10.3767,45.4395
1638,2025-06-05T14:22:21.071,12.746,44.259
1639,2025-06-05T14:22:21.333,12.1776,44.2373
1640,2025-06-05T14:22:21.596,12.5984,43.4013
1641,2025-06-05T14:22:21.858,9.98967,43.615
1642,2025-06-05T14:22:22.120,11.1063,44.141
1643,2025-06-05T14:22:22.382,10.9168,43.2534
1644,2025-06-05T14:22:22.644,9.50262,43.7926
1645,2025-06-05T14:22:22.907,10.9964,44.2612
1646,2025-06-05T14:22:23.169,10.5663,46.0463
1647,2025-06-05T14:22:23.431,11.6496,44.7824
1648,2025-06-05T14:22:23.693,12.5538,44.8066
1649,2025-06-05T14:22:23.955,11.0992,44.2952
1650,2025-06-05T14:22:24.217,11.9038,44.4051
1651,2025-06-05T14:22:24.480,12.7481,44.8905
1652,2025-06-05T14:22:24.742,10.8786,44.4099
1653,2025-06-05T14:22:25.004,9.21543,43.4682
1654,2025-06-05T14:22:25.266,10.9617,43.0927
1655,2025-06-05T14:22:25.528,10.8324,43.9968
1656,2025-06-05T14:22:25.791,9.58369,45.4948
